Timestamp,Frame,PalmRoot_X,PalmRoot_Y,PalmRoot_Z,PalmRoot_QX,PalmRoot_QY,PalmRoot_QZ,PalmRoot_QW,ThumbTip_X,ThumbTip_Y,ThumbTip_Z,ThumbTip_QX,ThumbTip_QY,ThumbTip_QZ,ThumbTip_QW,IndexTip_X,IndexTip_Y,IndexTip_Z,IndexTip_QX,IndexTip_QY,IndexTip_QZ,IndexTip_QW,MiddleTip_X,MiddleTip_Y,MiddleTip_Z,MiddleTip_QX,MiddleTip_QY,MiddleTip_QZ,MiddleTip_QW
1756949504106,0,0,-0,0,0,0,0,1,0.121391,0.0172301,-0.00417916,0,0,0,1,0.162184,0.0124683,0.00172939,0,0,0,1,0.172366,0.000181862,0.00397901,0,0,0,1
1756949504139,1,0,-0,0,-0.0537626,-0.100379,0.00664451,0.993474,0.103601,0.0733451,-0.00789705,-0.503039,-0.121858,0.272886,0.810959,0.15752,0.00449152,0.0336235,-0.300912,-0.00843562,-0.0587973,0.951802,0.160073,-0.0386387,0.0439602,-0.00890998,-0.0170828,-0.182622,0.982995
1756949504172,2,0,-0,0,-0.0536805,-0.0997182,0.00657362,0.993545,0.103564,0.0733856,-0.00801166,-0.501834,-0.122769,0.274328,0.811066,0.157578,0.00447751,0.0333188,-0.298625,-0.00541401,-0.0586467,0.952551,0.160135,-0.0386799,0.0436657,-0.0110255,-0.0203858,-0.182831,0.982871
1756949504205,3,0,-0,0,-0.0538492,-0.0992687,0.00655858,0.993581,0.103545,0.0734008,-0.00811558,-0.501522,-0.122144,0.274572,0.81127,0.157637,0.0045055,0.0329321,-0.296527,-0.00118797,-0.0581604,0.95325,0.160166,-0.038684,0.0435531,-0.0113164,-0.0200886,-0.182894,0.982862
1756949504238,4,0,-0,0,-0.0538791,-0.0992607,0.00658186,0.99358,0.103435,0.0735449,-0.00820086,-0.50117,-0.122439,0.27574,0.811046,0.157643,0.00449277,0.0328628,-0.297729,-0.00138318,-0.0579857,0.952886,0.160156,-0.0386692,0.0436418,-0.0102787,-0.0185764,-0.182793,0.982922
1756949504272,5,0,-0,0,-0.053659,-0.0992176,0.0065713,0.993596,0.103451,0.0735147,-0.00825343,-0.501585,-0.122017,0.275582,0.810904,0.15765,0.00449135,0.0328122,-0.297695,-0.00106122,-0.0578035,0.952908,0.160155,-0.038674,0.0436682,-0.00898166,-0.0166439,-0.182656,0.982994
1756949504305,6,0,-0,0,-0.0538594,-0.0989992,0.00657241,0.993607,0.103475,0.0734691,-0.00836709,-0.502116,-0.121312,0.275413,0.810751,0.157673,0.004571,0.0327078,-0.29807,-0.000731316,-0.0571172,0.952834,0.160176,-0.0386732,0.0435756,-0.0103221,-0.0184135,-0.182783,0.982927
1756949504338,7,0,-0,0,-0.0538306,-0.0982188,0.00661444,0.993686,0.103479,0.073447,-0.00851485,-0.501657,-0.121003,0.27591,0.810914,0.157729,0.00457206,0.0324139,-0.299961,-0.000933328,-0.056468,0.952279,0.160242,-0.0386723,0.0433381,-0.00976002,-0.0161661,-0.182727,0.982983
1756949504371,8,0,-0,0,-0.0538116,-0.0978698,0.00659641,0.993722,0.103482,0.0734363,-0.00857955,-0.501574,-0.120716,0.276016,0.810975,0.157752,0.004562,0.0323052,-0.29997,-0.000583658,-0.0563883,0.952282,0.160299,-0.0387032,0.0430085,-0.0103681,-0.0155669,-0.18286,0.982962
1756949504405,9,0,-0,0,-0.0541996,-0.0978786,0.00632427,0.993701,0.103534,0.07335,-0.00865787,-0.502518,-0.119963,0.275424,0.810688,0.157751,0.00446342,0.0323121,-0.301452,-0.0013414,-0.0566948,0.951792,0.160269,-0.0388331,0.0429182,-0.0096255,-0.0123208,-0.183514,0.982892
1756949504438,10,0,-0,0,-0.0540117,-0.097724,0.00640993,0.993726,0.103562,0.0733066,-0.00869091,-0.503118,-0.119043,0.274772,0.810685,0.157762,0.00450194,0.0322624,-0.300161,-0.00048719,-0.0565636,0.952211,0.160311,-0.0388161,0.0427292,-0.00822842,-0.00874822,-0.183295,0.982985
1756949504471,11,0,-0,0,-0.0535042,-0.096848,0.00583932,0.993843,0.103703,0.0731021,-0.0087681,-0.502147,-0.119455,0.27501,0.811151,0.157823,0.00429902,0.0319998,-0.299721,0.000548529,-0.0567832,0.952337,0.160331,-0.0390907,0.0423585,-0.00906204,-0.0096311,-0.18424,0.982793
1756949504504,12,0,-0,0,-0.0534629,-0.095961,0.00554064,0.993933,0.103772,0.0729872,-0.00891308,-0.502047,-0.118425,0.274745,0.811458,0.157881,0.00416439,0.031711,-0.299778,0.00168271,-0.0570032,0.952305,0.160376,-0.0392017,0.042094,-0.0102173,-0.0112718,-0.184596,0.982698
1756949504537,13,0,-0,0,-0.0533136,-0.0951213,0.00530841,0.994023,0.103784,0.072951,-0.00904622,-0.501281,-0.117176,0.274783,0.812078,0.157937,0.00407668,0.0314446,-0.300535,0.00192781,-0.0567988,0.952075,0.160418,-0.0392851,0.0418955,-0.00913853,-0.00885283,-0.184707,0.982711
1756949504571,14,0,-0,0,-0.0532337,-0.094286,0.00502234,0.994108,0.103819,0.0728755,-0.00924476,-0.501673,-0.115996,0.274704,0.812038,0.157993,0.00402006,0.0311926,-0.299665,0.00317278,-0.0565935,0.952359,0.160466,-0.039401,0.0415859,-0.0102834,-0.00996712,-0.185094,0.982616
1756949504604,15,0,-0,0,-0.0532338,-0.0944265,0.00427985,0.994098,0.103933,0.0727142,-0.00922751,-0.501799,-0.115906,0.274173,0.812153,0.157982,0.00380201,0.0313252,-0.300309,0.00179258,-0.0571843,0.952124,0.160391,-0.0396329,0.0416755,-0.00983441,-0.00970535,-0.185743,0.982501
1756949504637,16,0,-0,0,-0.0533377,-0.0943012,0.0040859,0.994105,0.104007,0.0725953,-0.00932914,-0.502651,-0.115783,0.273952,0.811714,0.157972,0.00376078,0.0314996,-0.300831,-0.000428632,-0.0575227,0.95194,0.160382,-0.0396716,0.0417111,-0.0100177,-0.0102356,-0.185817,0.98248
1756949504670,17,0,-0,0,-0.053132,-0.0946242,0.00396509,0.994087,0.104009,0.0726138,-0.00918667,-0.50183,-0.116744,0.274181,0.812027,0.157916,0.00367204,0.0319204,-0.296776,-0.000765348,-0.0593058,0.953106,0.160313,-0.0397961,0.0418285,-0.0116558,-0.0152927,-0.186542,0.98226
1756949504703,18,0,-0,0,-0.0534983,-0.0953928,0.00429964,0.993992,0.103646,0.0731014,-0.00939191,-0.500445,-0.119228,0.278613,0.811004,0.157819,0.00377333,0.0325659,-0.294862,-0.00392714,-0.0605338,0.953614,0.160197,-0.0397719,0.0423111,-0.0103979,-0.0140905,-0.187036,0.982197
1756949504737,19,0,-0,0,-0.0538496,-0.0955555,0.00450607,0.993956,0.102914,0.0740858,-0.00964313,-0.496167,-0.122147,0.285967,0.810622,0.157772,0.00372612,0.0328392,-0.295451,-0.00648766,-0.061701,0.95334,0.160158,-0.0397533,0.0424602,-0.00949607,-0.0127253,-0.187292,0.982175
1756949504770,20,0,-0,0,-0.0529416,-0.0956314,0.00497189,0.993996,0.102417,0.0747274,-0.0098561,-0.493609,-0.129537,0.293784,0.808252,0.15764,0.0036702,0.033774,-0.292215,-0.0130468,-0.0646596,0.954076,0.160195,-0.039644,0.0424402,-0.0081524,-0.0127372,-0.186669,0.982307
1756949504803,21,0,-0,0,-0.0530133,-0.0975838,0.00534413,0.9938,0.100788,0.0766874,-0.0107907,-0.494384,-0.142657,0.311842,0.798745,0.157256,0.00337511,0.0358442,-0.285321,-0.0230998,-0.0718827,0.955454,0.159712,-0.0400268,0.0438842,-0.00840526,-0.0220996,-0.190265,0.981448
1756949504836,22,0,-0,0,-0.0551098,-0.101249,0.00614187,0.993315,0.100251,0.077355,-0.0104336,-0.496064,-0.157373,0.3195,0.791884,0.156768,0.00351079,0.0380801,-0.279843,-0.0318697,-0.0770471,0.956419,0.159129,-0.040079,0.0458443,-0.00988493,-0.0304061,-0.193172,0.980644
1756949504869,23,0,-0,0,-0.0564622,-0.104378,0.00507316,0.992921,0.0990887,0.0785749,-0.0111693,-0.49723,-0.168063,0.333189,0.783253,0.156435,0.00309885,0.0394655,-0.276563,-0.0353833,-0.0813768,0.956889,0.158595,-0.0405732,0.0471359,-0.011636,-0.0368277,-0.196332,0.979776
1756949504902,24,0,-0,0,-0.0579361,-0.107155,0.00375283,0.992546,0.0991604,0.0784593,-0.0108462,-0.500109,-0.175743,0.334907,0.778993,0.156151,0.00278989,0.0406519,-0.276678,-0.0400694,-0.0840463,0.95644,0.158006,-0.0411646,0.0485245,-0.0103526,-0.0384276,-0.199744,0.979039
1756949504935,25,0,-0,0,-0.0590881,-0.108069,0.00351821,0.99238,0.0987977,0.0787258,-0.0118513,-0.500397,-0.172319,0.339358,0.777651,0.156068,0.00286389,0.041005,-0.273193,-0.0387129,-0.0844121,0.957466,0.157872,-0.0411634,0.0489657,-0.0100226,-0.0376931,-0.200012,0.979017
1756949504969,26,0,-0,0,-0.059928,-0.108829,0.00219569,0.99225,0.0995917,0.0774364,-0.013698,-0.507967,-0.15713,0.335269,0.77772,0.156107,0.00267714,0.0408635,-0.269314,-0.032767,-0.0840449,0.958817,0.157684,-0.0415021,0.0492966,-0.0106214,-0.0386591,-0.201183,0.978732
1756949505002,27,0,-0,0,-0.0584507,-0.114702,0.00234186,0.991676,0.100828,0.0753709,-0.0159171,-0.527021,-0.134138,0.324574,0.773898,0.156216,0.00336061,0.0398849,-0.264769,-0.0115268,-0.0752432,0.961303,0.157393,-0.0410585,0.0506826,-0.00432079,-0.0422693,-0.197194,0.979444
1756949505035,28,0,-0,0,-0.0581221,-0.13116,-0.000593613,0.989656,0.104383,0.0701079,-0.0164028,-0.559456,-0.104172,0.29029,0.769357,0.155959,0.00351931,0.0374484,-0.264604,0.0418898,-0.0613883,0.961491,0.15623,-0.0408674,0.0542204,-0.00328932,-0.0508712,-0.192923,0.979889
1756949505068,29,0,-0,0,-0.0594906,-0.142276,-0.00427242,0.988029,0.107033,0.0651481,-0.0179785,-0.59285,-0.0838355,0.267975,0.754791,0.155399,0.00305555,0.0324302,-0.26072,0.113106,-0.0495036,0.957488,0.155607,-0.0409304,0.0554985,0.000225445,-0.046541,-0.189153,0.980844
1756949505101,30,0,-0,0,-0.0512473,-0.159615,-0.00773534,0.985817,0.110115,0.059199,-0.0171982,-0.626588,-0.063768,0.234567,0.740455,0.153677,0.00249568,0.0301265,-0.236373,0.181367,-0.0407814,0.953712,0.15503,-0.0403139,0.056838,0.0231557,-0.0353796,-0.174443,0.983758
1756949505134,31,0,-0,0,-0.0471935,-0.168841,-0.0111624,0.98445,0.111845,0.05553,-0.0163622,-0.638339,-0.0453845,0.210384,0.739081,0.152425,0.00215237,0.0283918,-0.220217,0.224512,-0.0340891,0.948653,0.154539,-0.0406926,0.0570237,0.0338996,-0.0235113,-0.169924,0.984594
1756949505167,32,0,-0,0,-0.048261,-0.181155,-0.0147051,0.982159,0.113949,0.049713,-0.016528,-0.654399,-0.0109979,0.176033,0.735262,0.150618,0.00259401,0.0268803,-0.196956,0.277509,-0.0245714,0.939993,0.153665,-0.0406263,0.0581786,0.0469128,-0.00357461,-0.163953,0.985345
1756949505200,33,0,-0,0,-0.0473907,-0.190186,-0.0176438,0.980445,0.115129,0.0452835,-0.017066,-0.661355,0.0176846,0.152655,0.734171,0.148756,0.00240005,0.0247853,-0.173121,0.328911,-0.0196465,0.928151,0.153307,-0.0398577,0.0587587,0.0559688,0.0121116,-0.153413,0.986502
1756949505233,34,0,-0,0,-0.0445145,-0.202128,-0.0222667,0.978093,0.116429,0.0413018,-0.015471,-0.669455,0.0288361,0.131094,0.730624,0.146898,0.00206555,0.0247556,-0.141869,0.368687,-0.0147583,0.918545,0.1527,-0.0392196,0.0591591,0.070243,0.0318998,-0.140156,0.987119
1756949505267,35,0,-0,0,-0.0445664,-0.211558,-0.0245429,0.976042,0.117526,0.037096,-0.0143097,-0.676822,0.0435686,0.108056,0.726903,0.144987,0.00244473,0.0238704,-0.127136,0.406732,-0.00817973,0.904628,0.152294,-0.0381425,0.0588512,0.0845674,0.0563426,-0.127932,0.986564
1756949505300,36,0,-0,0,-0.0478891,-0.22501,-0.0303866,0.972704,0.118621,0.0337795,-0.0114079,-0.678299,0.0478197,0.0857126,0.728182,0.142429,0.000817278,0.0236144,-0.127597,0.438778,-0.0133442,0.889385,0.151254,-0.0371101,0.0593814,0.0900862,0.0830462,-0.115004,0.985779
1756949505333,37,0,-0,0,-0.0465923,-0.232285,-0.0329447,0.970974,0.119291,0.031308,-0.00937383,-0.681585,0.0493987,0.0706225,0.72667,0.141021,0.000349515,0.0236272,-0.129604,0.455334,-0.0126337,0.880753,0.150757,-0.036408,0.0590886,0.0901349,0.0973699,-0.107371,0.985326
1756949505366,38,0,-0,0,-0.0431117,-0.243251,-0.0344117,0.968393,0.119956,0.0290034,-0.00596938,-0.687737,0.0411504,0.0561277,0.722603,0.13851,-8.825e-05,0.0231288,-0.1358,0.482634,-0.0113956,0.865151,0.15006,-0.0345234,0.0596532,0.0946024,0.113054,-0.0909887,0.984881
1756949505399,39,0,-0,0,-0.0425206,-0.24939,-0.0370065,0.966761,0.120414,0.0270725,-0.00387369,-0.692,0.037724,0.0452101,0.719495,0.136099,-9.06615e-05,0.0213323,-0.1391,0.511621,-0.00495847,0.847864,0.149587,-0.0335665,0.0586438,0.0948005,0.13536,-0.0818471,0.982849
1756949505432,40,0,-0,0,-0.0402238,-0.259067,-0.0392372,0.964223,0.120698,0.0261908,-0.000667284,-0.692892,0.0265346,0.0365743,0.719626,0.133949,7.36723e-05,0.0214575,-0.139654,0.526734,0.00171405,0.838479,0.148689,-0.0322569,0.0593705,0.0932903,0.143031,-0.0703372,0.982798
1756949505466,41,0,-0,0,-0.0395138,-0.263187,-0.0406266,0.963076,0.120957,0.025207,0.00160086,-0.696981,0.0166894,0.0304423,0.716201,0.131679,0.000783988,0.0197051,-0.145215,0.549129,0.0126747,0.822906,0.148456,-0.0300642,0.0565546,0.0959939,0.181021,-0.0540881,0.977286
1756949505499,42,0,-0,0,-0.0407693,-0.266031,-0.0422148,0.962174,0.121171,0.0241428,0.00311085,-0.70541,0.0100497,0.0253143,0.708244,0.130325,0.000980076,0.018923,-0.148772,0.562513,0.0172634,0.813096,0.148127,-0.0292789,0.0564587,0.0889179,0.190625,-0.0488125,0.976407
1756949505532,43,0,-0,0,-0.0411259,-0.266203,-0.0428922,0.962083,0.121291,0.0234431,0.00367454,0.708801,-0.00771893,-0.0230306,-0.704986,0.129454,0.000769978,0.0179086,-0.14958,0.570553,0.0182418,0.807316,0.148157,-0.0283803,0.0558394,0.0849633,0.196209,-0.0430897,0.975923
1756949505565,44,0,-0,0,-0.0426766,-0.265647,-0.0439587,0.962123,0.121444,0.0223423,0.00385962,0.715149,-0.00921024,-0.0188748,-0.698682,0.129263,0.000599398,0.0175004,-0.151944,0.574112,0.018188,0.804361,0.148142,-0.0284024,0.0552803,0.0847649,0.201531,-0.0429006,0.974865
1756949505598,45,0,-0,0,-0.0445143,-0.265555,-0.0444701,0.96204,0.121513,0.0219232,0.00385062,0.72037,-0.00881642,-0.0183038,-0.693285,0.129123,0.000534971,0.0172913,-0.146774,0.576871,0.0172341,0.803352,0.148118,-0.0282097,0.0550944,0.0859659,0.205943,-0.0416549,0.97389
1756949505631,46,0,-0,0,-0.0461,-0.267309,-0.0453837,0.961439,0.121588,0.0211969,0.00425952,0.726721,-0.00853954,-0.0153111,-0.686748,0.129088,0.000400887,0.0177889,-0.140479,0.579812,0.0150141,0.802426,0.147857,-0.0281945,0.055474,0.0881167,0.206221,-0.0410115,0.973668
1756949505664,47,0,-0,0,-0.0472819,-0.268586,-0.0464486,0.960971,0.121677,0.0201715,0.00453453,0.733861,-0.00960367,-0.0120134,-0.679101,0.129067,0.000145201,0.0181651,-0.139435,0.579768,0.013298,0.80264,0.147691,-0.0279796,0.0560317,0.0920698,0.207071,-0.0379865,0.973242
1756949505697,48,0,-0,0,-0.0472617,-0.269326,-0.0468176,0.960749,0.121693,0.0196508,0.00452151,0.73602,-0.0123933,-0.00946286,-0.676788,0.129057,4.67882e-05,0.0183867,-0.138059,0.579355,0.0127334,0.8032,0.147599,-0.027956,0.0562725,0.0923339,0.207286,-0.0372389,0.973201
1756949505731,49,0,-0,0,-0.0489982,-0.269375,-0.0477978,0.9606,0.12176,0.0192659,0.00449989,0.740134,-0.0115662,-0.0100046,-0.672298,0.129071,-0.000300262,0.0184172,-0.136421,0.579935,0.0102757,0.803099,0.147513,-0.027985,0.0559484,0.0961782,0.214135,-0.0363892,0.971377
1756949505764,50,0,-0,0,-0.0489025,-0.268113,-0.0489563,0.960899,0.121834,0.0184928,0.00403891,0.742633,-0.0140535,-0.0107038,-0.669457,0.129419,-0.00101564,0.0184619,-0.136238,0.579958,0.00582297,0.803149,0.147527,-0.0286237,0.0551064,0.100218,0.219128,-0.0387951,0.969759
1756949505797,51,0,-0,0,-0.0492732,-0.267311,-0.0493827,0.961082,0.12188,0.0180744,0.00394796,0.747137,-0.0140722,-0.0109484,-0.664428,0.129411,-0.00130701,0.0182083,-0.138604,0.578603,0.00476097,0.80373,0.147553,-0.0287995,0.054495,0.109108,0.230465,-0.0375695,0.966214
1756949505830,52,0,-0,0,-0.0499082,-0.266189,-0.0494816,0.961355,0.121914,0.0176029,0.00371097,0.750471,-0.0164058,-0.00972207,-0.660629,0.129462,-0.00145517,0.0179171,-0.140905,0.5813,0.00347734,0.801389,0.147662,-0.0288103,0.054125,0.118625,0.233025,-0.0360937,0.964534
1756949505863,53,0,-0,0,-0.0499251,-0.264795,-0.0504712,0.961689,0.121962,0.017243,0.00343013,0.752291,-0.0187605,-0.00891364,-0.658521,0.129535,-0.00169798,0.0175896,-0.135679,0.586432,0.00230212,0.798559,0.147743,-0.0291532,0.0536004,0.120439,0.23799,-0.0366845,0.963074
1756949505896,54,0,-0,0,-0.0499993,-0.264402,-0.0508634,0.96177,0.121989,0.0170985,0.0034655,0.755587,-0.0180249,-0.00920905,-0.654709,0.129542,-0.001752,0.0174852,-0.137579,0.586224,0.00270448,0.798365,0.147746,-0.0292614,0.053303,0.123283,0.240565,-0.0365081,0.962078
1756949505930,55,0,-0,0,-0.049801,-0.263013,-0.0512663,0.962141,0.12201,0.0169698,0.00312308,0.753791,-0.0198956,-0.00951962,-0.656736,0.129645,-0.00192009,0.0171869,-0.130134,0.590115,0.00138783,0.796757,0.147856,-0.0293334,0.0525934,0.122622,0.246256,-0.0364944,0.960723
1756949505963,56,0,-0,0,-0.0495789,-0.261766,-0.0526059,0.96242,0.122063,0.0166872,0.0028962,0.753071,-0.020987,-0.00998854,-0.657524,0.129652,-0.0023443,0.0168423,-0.125924,0.592164,0.000132049,0.795915,0.147915,-0.029645,0.0521349,0.127431,0.249579,-0.0359332,0.95926
1756949505996,57,0,-0,0,-0.0497719,-0.260607,-0.0529205,0.962708,0.122077,0.0165345,0.00260553,0.751591,-0.0239492,-0.00864577,-0.659145,0.129642,-0.00262219,0.0164828,-0.129379,0.59275,-0.00102693,0.794929,0.148013,-0.0297229,0.0517237,0.127841,0.251298,-0.0361806,0.958748
1756949506029,58,0,-0,0,-0.0494705,-0.259915,-0.0532667,0.962891,0.122094,0.016443,0.00251477,0.752798,-0.0241734,-0.00890261,-0.657745,0.129704,-0.00283958,0.0163571,-0.127127,0.59513,-0.00246756,0.793505,0.148065,-0.0298485,0.0514825,0.128276,0.25214,-0.0364225,0.958459
1756949506063,59,0,-0,0,-0.050409,-0.259348,-0.053395,0.962986,0.122108,0.016712,0.00251793,0.750926,-0.0238429,-0.00869995,-0.659857,0.129426,-0.00264743,0.0158518,-0.130001,0.594564,0.000166134,0.793449,0.148134,-0.0296447,0.0513794,0.122574,0.251062,-0.0365773,0.959479
1756949506096,60,0,-0,0,-0.0510424,-0.258293,-0.0532117,0.963249,0.122115,0.0167185,0.00221957,0.751336,-0.0245059,-0.00964967,-0.659408,0.129402,-0.00263764,0.0154925,-0.131018,0.59389,0.000430442,0.793814,0.14827,-0.0295394,0.0512265,0.125118,0.251294,-0.0358476,0.959121
1756949506129,61,0,-0,0,-0.0514028,-0.25649,-0.0530056,0.963721,0.122125,0.0167307,0.00182508,0.753198,-0.0252128,-0.0109357,-0.657185,0.12931,-0.0024754,0.0148337,-0.128618,0.595668,0.00191208,0.792847,0.14847,-0.0294963,0.0507347,0.124607,0.252697,-0.036098,0.958807
1756949506162,62,0,-0,0,-0.0519892,-0.255406,-0.0531824,0.963971,0.122154,0.0167065,0.00162171,0.756561,-0.0234405,-0.0137454,-0.653403,0.129288,-0.00254938,0.0144811,-0.128946,0.59696,0.00169876,0.791861,0.148599,-0.029389,0.0505646,0.128431,0.254577,-0.0344953,0.957868
1756949506195,63,0,-0,0,-0.052666,-0.254567,-0.0532906,0.964148,0.12216,0.0165798,0.00134572,0.755493,-0.0261718,-0.012486,-0.654511,0.129264,-0.00254627,0.0142027,-0.127494,0.599334,0.00150201,0.790277,0.148693,-0.0292846,0.0504153,0.125928,0.254856,-0.0344234,0.958126
1756949506229,64,0,-0,0,-0.0530873,-0.254077,-0.0534067,0.964248,0.122172,0.0165659,0.00125467,0.755282,-0.0260987,-0.0130226,-0.654751,0.129317,-0.00263693,0.0141177,-0.12409,0.602474,5.73242e-05,0.788433,0.148754,-0.029199,0.0503753,0.127747,0.256974,-0.0332613,0.95736
1756949506262,65,0,-0,0,-0.0539856,-0.252459,-0.0531239,0.964638,0.12218,0.0166374,0.000868649,0.755683,-0.0265042,-0.0145923,-0.654221,0.129377,-0.00265602,0.0136924,-0.128869,0.603647,-0.000253659,0.786759,0.148926,-0.0291255,0.0499176,0.129859,0.25921,-0.0331217,0.956477
1756949506295,66,0,-0,0,-0.0538605,-0.251918,-0.0528516,0.964801,0.122171,0.0166814,0.000748373,0.755708,-0.0272259,-0.0144561,-0.654158,0.1294,-0.00253684,0.0135503,-0.127542,0.605141,0.000192993,0.785822,0.148998,-0.0290727,0.0497548,0.131186,0.26181,-0.0325186,0.955607
1756949506328,67,0,-0,0,-0.0543309,-0.250592,-0.0523447,0.96515,0.122144,0.0167278,0.000254964,0.751572,-0.0309206,-0.013727,-0.658814,0.12944,-0.00241396,0.0131856,-0.122816,0.607801,-7.98776e-05,0.78455,0.149146,-0.0289316,0.0492624,0.129333,0.261934,-0.0330905,0.95581
1756949506361,68,0,-0,0,-0.0543474,-0.249266,-0.0516957,0.965524,0.122118,0.0168989,-0.000141482,0.749732,-0.0321482,-0.0148607,-0.660743,0.12943,-0.00218068,0.0127676,-0.123981,0.608666,0.00135681,0.783652,0.14931,-0.0287683,0.0488119,0.12907,0.263574,-0.0328888,0.955396
1756949506394,69,0,-0,0,-0.0538046,-0.248026,-0.0508203,0.965921,0.122087,0.0172293,-0.000404692,0.749212,-0.0315489,-0.0169229,-0.661333,0.129323,-0.00189358,0.0122678,-0.128388,0.607314,0.00405015,0.783993,0.149485,-0.0285562,0.0483618,0.129175,0.265399,-0.032249,0.9549
1756949506428,70,0,-0,0,-0.05412,-0.245497,-0.0502245,0.966582,0.122071,0.0173516,-0.00104259,0.749385,-0.0327134,-0.0193203,-0.661045,0.129333,-0.00182997,0.0115235,-0.137635,0.60689,0.00549313,0.78276,0.149757,-0.0283696,0.0475068,0.12611,0.264145,-0.0330704,0.955631
1756949506461,71,0,-0,0,-0.0511645,-0.243709,-0.0487929,0.967267,0.121987,0.0178456,-0.00143692,0.746109,-0.0335275,-0.0212831,-0.664614,0.129384,-0.00142127,0.0110459,-0.143221,0.605686,0.00941295,0.782639,0.150043,-0.0280222,0.0468135,0.126896,0.263349,-0.0313184,0.955804
1756949506494,72,0,-0,0,-0.0482891,-0.244062,-0.0479986,0.967366,0.121931,0.018184,-0.00122081,0.744956,-0.0332286,-0.0205832,-0.665946,0.129493,-0.000967509,0.0112657,-0.153514,0.601042,0.0143944,0.784191,0.150073,-0.0282427,0.0470129,0.122883,0.261005,-0.0328787,0.956918
1756949506527,73,0,-0,0,-0.0477316,-0.241102,-0.0468432,0.968192,0.121765,0.0186231,-0.00269672,0.744215,-0.0425008,-0.0202865,-0.666255,0.130139,-0.00024928,0.0110859,-0.165594,0.592372,0.0203809,0.788187,0.150322,-0.028881,0.0460264,0.122554,0.259883,-0.0389008,0.95704
1756949506560,74,0,-0,0,-0.0478112,-0.23457,-0.0452034,0.96987,0.121502,0.0191536,-0.00527527,0.740119,-0.0549661,-0.0239062,-0.669804,0.131405,0.000701768,0.0105673,-0.168592,0.585515,0.0253156,0.792534,0.151008,-0.029504,0.0447809,0.118168,0.258542,-0.0455798,0.957661
1756949506593,75,0,-0,0,-0.0468012,-0.227222,-0.0427183,0.971778,0.121037,0.0203575,-0.00827948,0.732896,-0.0687946,-0.0296995,-0.676174,0.134173,0.00109157,0.01154,-0.175906,0.55933,0.023463,0.809714,0.152004,-0.0310999,0.0461875,0.110563,0.228429,-0.0587693,0.965474
1756949506626,76,0,-0,0,-0.0466719,-0.212557,-0.0394761,0.975236,0.120235,0.0236386,-0.0127621,0.72569,-0.0748061,-0.0516999,-0.682027,0.13736,0.00174426,0.0110503,-0.183048,0.530046,0.02393,0.827646,0.153353,-0.0335573,0.0450485,0.104378,0.206201,-0.0793748,0.969685
1756949506659,77,0,-0,0,-0.0457963,-0.203124,-0.0364683,0.977401,0.119439,0.0273751,-0.0153143,0.719601,-0.0702244,-0.0726517,-0.686978,0.141,0.00432888,0.0134539,-0.183882,0.47836,0.037043,0.857892,0.154137,-0.0354735,0.0455091,0.104511,0.181967,-0.094503,0.973156
1756949506693,78,0,-0,0,-0.0452756,-0.194721,-0.0337313,0.979234,0.118809,0.0293201,-0.017517,0.715991,-0.0695162,-0.0872884,-0.689177,0.143918,0.00580067,0.0157144,-0.198636,0.425004,0.0434826,0.882067,0.154896,-0.0362056,0.0451639,0.100601,0.168168,-0.102485,0.975243
1756949506726,79,0,-0,0,-0.0470892,-0.184516,-0.0312917,0.981201,0.118007,0.0320627,-0.0199676,0.713859,-0.0625399,-0.108418,-0.688985,0.147626,0.00573647,0.0196775,-0.227719,0.344835,0.0359355,0.909909,0.15538,-0.0383553,0.0463971,0.0915724,0.135253,-0.121107,0.979108
1756949506759,80,0,-0,0,-0.0476076,-0.173256,-0.0283044,0.983318,0.117037,0.0347459,-0.022623,0.712793,-0.0537756,-0.132346,-0.686664,0.150713,0.00560186,0.0235745,-0.254284,0.265638,0.0265643,0.929553,0.156151,-0.0392542,0.0453058,0.086725,0.118445,-0.131527,0.980383
1756949506792,81,0,-0,0,-0.0489928,-0.164624,-0.0256061,0.984806,0.115936,0.0382356,-0.0245277,0.708507,-0.0354566,-0.161702,-0.685991,0.152901,0.00544589,0.0280806,-0.27502,0.189811,0.0153179,0.942389,0.1566,-0.0400405,0.045624,0.0839207,0.098398,-0.140414,0.98161
1756949506825,82,0,-0,0,-0.0518161,-0.148904,-0.0231564,0.987221,0.114047,0.0420823,-0.0284164,0.694637,-0.0222114,-0.200466,-0.690486,0.154833,0.00531482,0.0300986,-0.29535,0.125175,0.00635938,0.94713,0.157602,-0.0407637,0.0436967,0.0793926,0.0785445,-0.149722,0.9824
1756949506858,83,0,-0,0,-0.0537232,-0.139708,-0.0205147,0.988522,0.111801,0.0475359,-0.0302681,-0.671606,0.000487761,0.238284,0.701564,0.155815,0.00494423,0.0349048,-0.305811,0.0505658,-0.00874928,0.95071,0.157369,-0.0428196,0.0448966,0.0706909,0.0400224,-0.168677,0.982319
1756949506891,84,0,-0,0,-0.0529984,-0.118456,-0.017187,0.991395,0.1087,0.0524398,-0.0341761,-0.638423,-0.0112086,0.280996,0.716453,0.156943,0.00484029,0.0360727,-0.310303,-0.0125814,-0.0181147,0.95038,0.158028,-0.0447462,0.0426668,0.0616363,-0.00766129,-0.186897,0.980413
1756949506924,85,0,-0,0,-0.0516598,-0.104565,-0.0142186,0.993074,0.106136,0.0563851,-0.0362882,-0.608847,-0.0238721,0.313139,0.72848,0.157103,0.00480648,0.0382422,-0.312287,-0.0632159,-0.0292035,0.947432,0.15818,-0.0460324,0.0418542,0.0572825,-0.0510428,-0.199552,0.976879
1756949506958,86,0,-0,0,-0.0505588,-0.0944216,-0.0103858,0.994194,0.103515,0.0611038,-0.0366753,-0.575365,-0.0420924,0.341514,0.742016,0.156762,0.00600625,0.0403604,-0.307418,-0.106956,-0.0313155,0.945029,0.157759,-0.0474091,0.0420587,0.0499153,-0.0897251,-0.214296,0.971359
1756949506991,87,0,-0,0,-0.0529896,-0.0848898,-0.00826876,0.994946,0.101897,0.0645581,-0.035962,-0.551825,-0.0589818,0.357323,0.751214,0.1563,0.0066566,0.0418228,-0.306633,-0.13047,-0.0392065,0.942027,0.157438,-0.0478949,0.0431589,0.0469059,-0.116102,-0.220579,0.967297
1756949507024,88,0,-0,0,-0.052877,-0.0824922,-0.00631398,0.995168,0.101092,0.0664436,-0.0350008,-0.539577,-0.0705224,0.365004,0.755426,0.156213,0.00711513,0.0419259,-0.309183,-0.137769,-0.0395882,0.940139,0.157491,-0.0476163,0.0432717,0.0486979,-0.128306,-0.220896,0.965594
1756949507057,89,0,-0,0,-0.0522016,-0.081662,-0.00619578,0.995273,0.101038,0.0666489,-0.0347326,-0.540549,-0.0758399,0.367002,0.753251,0.156219,0.00706377,0.0418762,-0.310615,-0.138739,-0.0403612,0.939492,0.157398,-0.0478697,0.0432198,0.0500759,-0.132908,-0.222547,0.964522
1756949507091,90,0,-0,0,-0.0530669,-0.0819721,-0.00670381,0.995198,0.101304,0.066576,-0.0342108,-0.539756,-0.0781113,0.36518,0.754447,0.156244,0.00697862,0.0418245,-0.306244,-0.135489,-0.0402881,0.941399,0.157287,-0.0480385,0.0433794,0.0489751,-0.133821,-0.223477,0.964235
1756949507124,91,0,-0,0,-0.0548405,-0.0866996,-0.00784234,0.994693,0.101858,0.0661485,-0.0335156,-0.542955,-0.0766317,0.359395,0.755094,0.155967,0.00670895,0.0429394,-0.307281,-0.133925,-0.0431012,0.941162,0.156911,-0.0482206,0.0443812,0.0513714,-0.125648,-0.223654,0.96517
1756949507157,92,0,-0,0,-0.0539989,-0.0975697,-0.00915099,0.993721,0.102672,0.0648436,-0.0332075,-0.549826,-0.0684491,0.351113,0.754801,0.155879,0.00638705,0.0435818,-0.307177,-0.129492,-0.0377846,0.942044,0.157208,-0.0477751,0.0427928,0.0525117,-0.0975763,-0.219883,0.969212
1756949507190,93,0,-0,0,-0.0550902,-0.103017,-0.00911474,0.993111,0.103438,0.0637178,-0.0329418,-0.562579,-0.0644829,0.342915,0.749506,0.155675,0.00676142,0.0442853,-0.307702,-0.125233,-0.0356536,0.942532,0.157986,-0.0461529,0.0409584,0.0610769,-0.0527664,-0.208204,0.974749
1756949507223,94,0,-0,0,-0.0533659,-0.109783,-0.0111408,0.992459,0.105065,0.0615226,-0.0319024,-0.578435,-0.0574418,0.325936,0.745562,0.155335,0.00625959,0.0455277,-0.308918,-0.122157,-0.0371343,0.942479,0.158419,-0.0451297,0.0389256,0.0696771,-0.0050353,-0.19731,0.977848
1756949507257,95,0,-0,0,-0.0535612,-0.113751,-0.0130092,0.991979,0.106428,0.0585797,-0.0324704,-0.598213,-0.0440673,0.311405,0.737022,0.155245,0.00578582,0.0458532,-0.312405,-0.117467,-0.0378817,0.941895,0.159249,-0.0430281,0.0355271,0.0792132,0.0520885,-0.179589,0.979162
1756949507290,96,0,-0,0,-0.0539023,-0.119824,-0.0149383,0.991218,0.108181,0.05462,-0.0328196,-0.623151,-0.028383,0.291932,0.724984,0.154893,0.00592965,0.0469754,-0.312012,-0.115605,-0.0351132,0.942361,0.159364,-0.0416149,0.0334018,0.0925946,0.102614,-0.166024,0.976386
1756949507323,97,0,-0,0,-0.0532915,-0.12761,-0.0197688,0.990194,0.110625,0.0495223,-0.0318909,-0.646496,-0.0133578,0.265183,0.715215,0.154353,0.00577896,0.0486774,-0.309609,-0.115918,-0.030436,0.94328,0.159464,-0.0393223,0.0309258,0.106524,0.160079,-0.14247,0.970942
1756949507356,98,0,-0,0,-0.0534657,-0.132709,-0.0224984,0.989456,0.112023,0.0452883,-0.0321602,-0.665586,0.00382132,0.246412,0.704465,0.154135,0.00600768,0.0491566,-0.309941,-0.111053,-0.0245731,0.943929,0.15929,-0.0366198,0.0268018,0.130262,0.229144,-0.118007,0.957392
1756949507389,99,0,-0,0,-0.052688,-0.141431,-0.0262613,0.988196,0.113692,0.0413609,-0.0306437,-0.677642,0.0174529,0.222001,0.70085,0.153451,0.00565825,0.0511248,-0.311668,-0.109855,-0.0244835,0.943501,0.158308,-0.0346008,0.0238599,0.154215,0.286136,-0.0973175,0.940676
1756949507423,100,0,-0,0,-0.0539831,-0.147382,-0.0296565,0.98716,0.115,0.0374444,-0.0297762,-0.681605,0.0375598,0.196814,0.703757,0.153043,0.0052776,0.0521874,-0.311348,-0.106246,-0.0240983,0.944031,0.157126,-0.0318884,0.0200457,0.173291,0.340469,-0.075259,0.92108
1756949507456,101,0,-0,0,-0.0526862,-0.154044,-0.0319742,0.98614,0.116068,0.0337672,-0.0286773,-0.691485,0.0522297,0.17473,0.698984,0.152713,0.00513901,0.0527671,-0.309271,-0.0985807,-0.0205817,0.945626,0.155381,-0.0280842,0.0157287,0.189759,0.391677,-0.0495255,0.898958
1756949507489,102,0,-0,0,-0.0513054,-0.157595,-0.0341317,0.98558,0.116918,0.0303774,-0.0277947,0.701818,-0.062553,-0.157525,-0.691932,0.152595,0.00518595,0.0527059,-0.307153,-0.0918364,-0.0151298,0.947101,0.153037,-0.0247838,0.0106398,0.206595,0.448922,-0.0274864,0.868934
1756949507522,103,0,-0,0,-0.0516433,-0.165278,-0.0367097,0.98421,0.117751,0.026506,-0.0265337,0.711269,-0.0758772,-0.136307,-0.685417,0.152091,0.00534228,0.0535581,-0.308819,-0.0858462,-0.0104446,0.947183,0.150186,-0.0215935,0.00746707,0.217311,0.497074,-0.00675959,0.840037
1756949507556,104,0,-0,0,-0.0499587,-0.170039,-0.0378855,0.98344,0.118254,0.0236859,-0.0254584,0.714728,-0.0884634,-0.117645,-0.68373,0.151757,0.0053968,0.0540986,-0.306245,-0.0829113,-0.00696889,0.948309,0.147002,-0.0186993,0.00362153,0.227106,0.548044,0.0111698,0.804947
1756949507589,105,0,-0,0,-0.049633,-0.175948,-0.0402559,0.982323,0.118875,0.0196984,-0.0238234,0.721491,-0.106584,-0.0891225,-0.678352,0.151357,0.00535498,0.0546283,-0.303423,-0.0781574,-0.00250159,0.949642,0.144543,-0.0164883,0.00206144,0.232408,0.583286,0.0279268,0.777812
1756949507622,106,0,-0,0,-0.0491964,-0.179899,-0.0416218,0.981573,0.11917,0.0170436,-0.0227264,0.724805,-0.118212,-0.0708078,-0.675059,0.151072,0.00518516,0.0550712,-0.297985,-0.0726521,-0.00132792,0.951803,0.142972,-0.0149881,0.0013056,0.233372,0.606084,0.0398228,0.759367
1756949507655,107,0,-0,0,-0.0471878,-0.187731,-0.0438969,0.980104,0.119509,0.0126287,-0.0206202,0.728859,-0.135041,-0.0419701,-0.669903,0.150749,0.00428651,0.0548317,-0.294763,-0.0591463,0.000202486,0.953738,0.139842,-0.0128181,-1.62385e-05,0.239284,0.639452,0.0558724,0.72851
1756949507688,108,0,-0,0,-0.046655,-0.192453,-0.0450479,0.979162,0.119702,0.0106271,-0.0190779,0.728955,-0.141727,-0.0260318,-0.669255,0.150544,0.00390999,0.0544888,-0.292829,-0.0477381,0.00158728,0.954973,0.136834,-0.0106284,-0.00172043,0.238821,0.667277,0.0685297,0.702177
1756949507722,109,0,-0,0,-0.0463032,-0.198817,-0.0459142,0.977864,0.119865,0.00893335,-0.0172361,0.726405,-0.147664,-0.00931843,-0.671129,0.150058,0.00380874,0.0549738,-0.289284,-0.0384415,0.00257933,0.956466,0.134274,-0.00991385,-0.00253273,0.237706,0.685528,0.0713357,0.684418
1756949507755,110,0,-0,0,-0.0467547,-0.202447,-0.04643,0.977075,0.119951,0.00782779,-0.0161933,0.729837,-0.149106,-0.00134804,-0.667187,0.1499,0.00349018,0.0545021,-0.289882,-0.0256549,0.00196286,0.956718,0.133177,-0.00866949,-0.00235637,0.241045,0.688854,0.0778138,0.679233
1756949507788,111,0,-0,0,-0.0469862,-0.204569,-0.0469114,0.976598,0.120045,0.00757743,-0.0156478,0.729627,-0.146855,-0.000523081,-0.667888,0.14982,0.00335437,0.0539332,-0.288372,-0.0178878,0.00374145,0.957344,0.132249,-0.00819218,-0.00255613,0.241184,0.691689,0.0792088,0.676106
1756949507821,112,0,-0,0,-0.0469047,-0.205105,-0.0468832,0.976492,0.12015,0.00762349,-0.0153454,0.734285,-0.141502,-0.0037855,-0.663946,0.149844,0.00337168,0.0533577,-0.286004,-0.0113828,0.00531025,0.958148,0.132013,-0.00804061,-0.00261893,0.242366,0.69032,0.0788637,0.677151
1756949507854,113,0,-0,0,-0.0474336,-0.204838,-0.0474093,0.976495,0.120137,0.00724258,-0.0153502,0.734889,-0.143409,-0.00174615,-0.662821,0.149968,0.00309211,0.0524288,-0.285606,-0.00247963,0.00534423,0.958327,0.13163,-0.00814497,-0.00302873,0.245661,0.691874,0.0773578,0.674492
1756949507888,114,0,-0,0,-0.0475903,-0.205213,-0.0472868,0.976416,0.120141,0.0071731,-0.0152551,0.734962,-0.143489,-0.00107019,-0.662761,0.14997,0.00293353,0.0522471,-0.283945,-0.000248566,0.00464484,0.95883,0.131305,-0.00801926,-0.00322275,0.251068,0.689804,0.0758029,0.674834
1756949507921,115,0,-0,0,-0.0478022,-0.205012,-0.0472076,0.976451,0.120138,0.00707962,-0.0152675,0.735467,-0.143591,-0.000945916,-0.662178,0.150029,0.00290474,0.0517835,-0.279357,0.00567534,0.00500878,0.960158,0.130884,-0.00770055,-0.00359849,0.253184,0.689427,0.0755449,0.674457
1756949507954,116,0,-0,0,-0.0478956,-0.203846,-0.0473766,0.976684,0.120125,0.00706049,-0.0155063,0.73722,-0.143401,-0.00240012,-0.660308,0.150167,0.00285541,0.0512257,-0.277068,0.00628755,0.00661206,0.96081,0.13061,-0.00760553,-0.00411588,0.254716,0.692159,0.0756521,0.671105
1756949507987,117,0,-0,0,-0.0473885,-0.20394,-0.0473124,0.97669,0.120161,0.00715581,-0.0154131,0.739477,-0.141031,-0.00420508,-0.658207,0.150194,0.00290282,0.0506502,-0.274995,0.0133686,0.00789047,0.961319,0.130607,-0.00739321,-0.00405656,0.251882,0.691776,0.0771584,0.672322
1756949508020,118,0,-0,0,-0.0476638,-0.20248,-0.0468001,0.977006,0.120098,0.00718554,-0.0157716,0.739719,-0.142558,-0.00460139,-0.657631,0.150392,0.00276715,0.0497108,-0.277941,0.0196529,0.00711005,0.960371,0.130461,-0.0069847,-0.00450205,0.256562,0.691807,0.0777344,0.67048
1756949508054,119,0,-0,0,-0.0476352,-0.20153,-0.0468444,0.977201,0.120063,0.00719924,-0.016032,0.737535,-0.143622,-0.00523706,-0.65985,0.150537,0.00249117,0.0486916,-0.277819,0.0279605,0.00671067,0.960203,0.130247,-0.00669418,-0.00486208,0.263168,0.692165,0.0783391,0.667479
1756949508087,120,0,-0,0,-0.0477539,-0.201052,-0.0464426,0.977312,0.120047,0.00728952,-0.0161389,0.73766,-0.143559,-0.00583126,-0.659686,0.150608,0.00248958,0.0481033,-0.278412,0.0326369,0.00696009,0.959881,0.130174,-0.00652824,-0.00503843,0.261948,0.693509,0.0788739,0.666467
1756949508120,121,0,-0,0,-0.0479448,-0.199777,-0.0463999,0.977568,0.120017,0.00727649,-0.0164073,0.738563,-0.14407,-0.00673632,-0.658595,0.150735,0.00255222,0.0475358,-0.275119,0.0363413,0.00813346,0.96069,0.130133,-0.00653383,-0.00540059,0.261859,0.694928,0.0785622,0.6651
1756949508153,122,0,-0,0,-0.0483198,-0.199093,-0.0467358,0.977674,0.120001,0.00715293,-0.0165577,0.73902,-0.145013,-0.00657045,-0.657903,0.150804,0.00253652,0.0470283,-0.275851,0.0391938,0.00922863,0.960359,0.130216,-0.00671214,-0.00550741,0.261798,0.697912,0.0789689,0.661969
1756949508186,123,0,-0,0,-0.0486828,-0.198332,-0.0468763,0.977802,0.11994,0.00695138,-0.0167784,0.74026,-0.147596,-0.00511711,-0.655892,0.15088,0.00255201,0.046455,-0.276509,0.0424039,0.010407,0.960018,0.130104,-0.00681834,-0.00580582,0.26661,0.695289,0.0762838,0.663071
1756949508220,124,0,-0,0,-0.0493412,-0.197344,-0.0469399,0.977967,0.119891,0.00688312,-0.017169,0.740724,-0.147998,-0.00717419,-0.655299,0.150975,0.00260372,0.0459249,-0.275437,0.0469053,0.0110588,0.960112,0.130042,-0.0069236,-0.00611704,0.265776,0.696791,0.0753382,0.661978
1756949508253,125,0,-0,0,-0.0494565,-0.197442,-0.0468575,0.977944,0.119897,0.00689608,-0.0171584,0.741152,-0.147418,-0.0077004,-0.654915,0.150966,0.00264017,0.0457681,-0.2759,0.0481869,0.0115109,0.959909,0.13004,-0.00695915,-0.00610752,0.269264,0.69649,0.0747278,0.660928
1756949508286,126,0,-0,0,-0.0505778,-0.195536,-0.0471083,0.978257,0.119862,0.00669447,-0.0174841,0.741351,-0.14928,-0.00730421,-0.654254,0.151145,0.00260605,0.0450419,-0.275701,0.0516278,0.0120597,0.95978,0.12994,-0.00704808,-0.00664751,0.267946,0.697351,0.0731952,0.66071
1756949508319,127,0,-0,0,-0.05071,-0.194734,-0.0473873,0.978398,0.11982,0.00656038,-0.0176583,0.740067,-0.151708,-0.00583793,-0.655191,0.151225,0.00242015,0.0447809,-0.280619,0.0509171,0.011469,0.9584,0.129955,-0.00721917,-0.0068511,0.266362,0.700573,0.073494,0.65793
1756949508353,128,0,-0,0,-0.0520492,-0.194514,-0.0478397,0.978349,0.119856,0.00630383,-0.0176125,0.744013,-0.150817,-0.00597973,-0.65089,0.151249,0.00233016,0.0446806,-0.280149,0.0508743,0.0112771,0.958541,0.129953,-0.00738083,-0.00687647,0.265707,0.700475,0.072386,0.6584
1756949508386,129,0,-0,0,-0.0525495,-0.192988,-0.0479138,0.978622,0.119783,0.00613787,-0.0179663,0.744869,-0.153469,-0.00512921,-0.649343,0.151388,0.00232021,0.0441945,-0.278948,0.0536586,0.0114848,0.95874,0.130016,-0.00734072,-0.00717514,0.26745,0.700769,0.0723517,0.65743
1756949508419,130,0,-0,0,-0.0525299,-0.193076,-0.048,0.978599,0.119739,0.00610457,-0.0180416,0.741444,-0.155954,-0.00330604,-0.652599,0.151376,0.00233819,0.0441666,-0.275114,0.0551263,0.0118004,0.959755,0.130062,-0.00744817,-0.0071295,0.268762,0.701192,0.0721423,0.656392
1756949508452,131,0,-0,0,-0.0533001,-0.193216,-0.0481819,0.978522,0.119763,0.00602106,-0.0179997,0.742469,-0.15529,-0.00357275,-0.651629,0.15138,0.00203851,0.0440271,-0.281169,0.0572611,0.0092555,0.957904,0.129961,-0.00751656,-0.00716705,0.268446,0.70017,0.0707957,0.657796
1756949508486,132,0,-0,0,-0.0537305,-0.192076,-0.0486248,0.9787,0.119772,0.00599752,-0.0182436,0.74235,-0.154239,-0.00612957,-0.651976,0.151483,0.00186035,0.0436136,-0.279707,0.0583954,0.00926215,0.958262,0.12973,-0.00738863,-0.00757232,0.270557,0.700138,0.0704878,0.656978
1756949508519,133,0,-0,0,-0.0535548,-0.19151,-0.0483887,0.978834,0.119762,0.00607696,-0.0183386,0.743545,-0.15387,-0.00692953,-0.650725,0.151542,0.00174176,0.0434027,-0.280092,0.0587037,0.00857802,0.958139,0.12974,-0.00716823,-0.00767556,0.270478,0.704259,0.0732337,0.652322
1756949508552,134,0,-0,0,-0.0542767,-0.192629,-0.0489106,0.978548,0.119799,0.00600096,-0.0181695,0.7433,-0.153447,-0.0064508,-0.651099,0.151455,0.0014109,0.043831,-0.278925,0.0588048,0.00562017,0.958495,0.129816,-0.00749344,-0.00734795,0.268523,0.704434,0.0724077,0.653021
1756949508585,135,0,-0,0,-0.0540509,-0.19407,-0.0493425,0.978253,0.119846,0.00601207,-0.0179047,0.740947,-0.152719,-0.00599986,-0.653909,0.151325,0.00124363,0.0442936,-0.277423,0.0580059,0.00443372,0.958983,0.130179,-0.00778299,-0.00670541,0.266836,0.706416,0.0742869,0.651318
1756949508618,136,0,-0,0,-0.0527339,-0.195877,-0.0473114,0.978066,0.119962,0.0073282,-0.0173848,0.737996,-0.1471,-0.00832414,-0.658527,0.151167,0.0017449,0.0447534,-0.276018,0.0559261,0.00560423,0.959508,0.130281,-0.00734515,-0.0062652,0.262108,0.708618,0.0769993,0.650566
1756949508652,137,0,-0,0,-0.0519274,-0.19518,-0.0462714,0.978298,0.120262,0.0108142,-0.0172209,0.735891,-0.127709,-0.0258782,-0.664442,0.151238,0.00185272,0.0445227,-0.277742,0.0563543,0.00549036,0.958986,0.131922,-0.00893871,-0.00541461,0.253666,0.693912,0.0669643,0.670562
1756949508685,138,0,-0,0,-0.0536017,-0.19131,-0.0447901,0.97904,0.120258,0.0163756,-0.0182232,0.732179,-0.101717,-0.0567569,-0.671057,0.151604,0.00208496,0.0434749,-0.281678,0.059395,0.00509667,0.957654,0.135701,-0.0117299,-0.0032842,0.236677,0.643519,0.0444785,0.726542
1756949508718,139,0,-0,0,-0.0546509,-0.185772,-0.0412724,0.980204,0.119691,0.0218404,-0.0200477,0.727559,-0.0788062,-0.0904435,-0.675501,0.152116,0.00262004,0.0418557,-0.289401,0.0616794,0.00557943,0.955204,0.140711,-0.0150375,0.000226283,0.202729,0.574149,0.0192018,0.793036
1756949508751,140,0,-0,0,-0.0557756,-0.181812,-0.0374937,0.981034,0.118777,0.0289492,-0.0208519,0.714653,-0.0466972,-0.12778,-0.686108,0.152494,0.00307082,0.0411866,-0.290641,0.0577368,0.00418404,0.955079,0.145324,-0.0186934,0.00489764,0.166621,0.489599,-0.00905389,0.855828
1756949508784,141,0,-0,0,-0.0556772,-0.173601,-0.0330165,0.982687,0.117427,0.0349579,-0.0222684,0.70511,-0.0216301,-0.161335,-0.690181,0.153205,0.00341533,0.0392053,-0.296832,0.0603159,0.00212135,0.953022,0.149608,-0.0226615,0.00923353,0.132959,0.410586,-0.0373766,0.901305
1756949508818,142,0,-0,0,-0.0567454,-0.168484,-0.0293776,0.983631,0.115903,0.0406785,-0.0229341,-0.691954,-0.00440904,0.192446,0.695814,0.153651,0.00372752,0.0386201,-0.302427,0.0552256,-0.00122873,0.951571,0.151977,-0.0252973,0.0124231,0.112649,0.354266,-0.0580185,0.926521
1756949508851,143,0,-0,0,-0.0554935,-0.163565,-0.0243629,0.98467,0.114369,0.0460986,-0.022473,-0.670584,-0.024985,0.213574,0.709998,0.15406,0.00417132,0.0386266,-0.305623,0.0427383,-0.00499642,0.951181,0.154245,-0.0288483,0.0167615,0.0899899,0.288487,-0.0849019,0.949458
1756949508884,144,0,-0,0,-0.0563911,-0.159513,-0.0206804,0.985366,0.112658,0.0514816,-0.0215317,-0.646648,-0.0468274,0.234353,0.724367,0.154366,0.00465388,0.0391973,-0.312032,0.0265335,-0.00849694,0.949661,0.156134,-0.0317836,0.0223277,0.0901258,0.214097,-0.107971,0.966633
1756949508917,145,0,-0,0,-0.0590748,-0.146495,-0.0152377,0.987328,0.11,0.0571627,-0.0227393,-0.619279,-0.0639787,0.264824,0.736386,0.155329,0.00517221,0.0366643,-0.318565,0.0237412,-0.0113232,0.947536,0.157652,-0.0365147,0.0274079,0.0748985,0.136648,-0.144383,0.977175
1756949508950,146,0,-0,0,-0.0584543,-0.13721,-0.0115627,0.988749,0.107976,0.0615858,-0.0221883,-0.592764,-0.0815888,0.285387,0.748709,0.155944,0.0048727,0.0355767,-0.316767,0.0205129,-0.0197204,0.948079,0.15786,-0.0409545,0.0333426,0.0735032,0.0632728,-0.176174,0.979571
1756949508984,147,0,-0,0,-0.0571349,-0.126684,-0.00653755,0.990275,0.105567,0.0660469,-0.0219245,-0.564524,-0.0959146,0.306571,0.760341,0.156589,0.00524886,0.0338746,-0.321312,0.0163224,-0.0232001,0.946548,0.158083,-0.0426718,0.0371706,0.0642981,0.00843622,-0.191956,0.979258
1756949509017,148,0,-0,0,-0.0577625,-0.117891,-0.00326052,0.99134,0.103324,0.0697837,-0.0215762,-0.544149,-0.112806,0.326459,0.764595,0.157062,0.00575022,0.0332769,-0.321738,0.00747173,-0.026503,0.946429,0.157783,-0.0440313,0.0409234,0.0554575,-0.0395294,-0.204462,0.976503
1756949509050,149,0,-0,0,-0.0570863,-0.11078,4.11853e-05,0.992204,0.101524,0.0723893,-0.0215838,-0.535139,-0.1273,0.342099,0.76185,0.157378,0.0064854,0.0330972,-0.320608,-0.00311499,-0.027849,0.9468,0.157621,-0.0441024,0.0439969,0.0450561,-0.0749424,-0.208362,0.974136
1756949509083,150,0,-0,0,-0.0584125,-0.107119,0.0012641,0.992528,0.100241,0.0742815,-0.0211554,-0.527083,-0.138863,0.352288,0.760753,0.157514,0.006688,0.033143,-0.316646,-0.00712408,-0.0305902,0.94802,0.157146,-0.0441517,0.046897,0.0352306,-0.102873,-0.210957,0.971426
1756949509117,151,0,-0,0,-0.0571913,-0.100239,0.00428507,0.993309,0.0989077,0.0760679,-0.021241,-0.514092,-0.142148,0.361104,0.76493,0.157846,0.00757512,0.0319881,-0.312738,-0.00917205,-0.0277685,0.94939,0.157449,-0.0441918,0.0456474,0.0327295,-0.103115,-0.214565,0.9707
1756949509150,152,0,-0,0,-0.062578,-0.0780178,0.006939,0.994962,0.0983652,0.0775064,-0.0198506,-0.50809,-0.153532,0.358183,0.768108,0.158446,0.00889972,0.0315212,-0.304972,-0.0141888,-0.0391947,0.95145,0.1578,-0.043722,0.0460124,0.033928,-0.109438,-0.21419,0.97005
1756949509183,153,0,-0,0,-0.0648631,-0.0725004,0.00753454,0.995229,0.0980913,0.0777404,-0.0205217,-0.503779,-0.148477,0.35918,0.771477,0.158683,0.00931234,0.0303899,-0.303153,-0.0129172,-0.0371994,0.95213,0.158098,-0.0435338,0.0451704,0.03124,-0.108719,-0.214268,0.970204
1756949509216,154,0,-0,0,-0.0643641,-0.0704467,0.00759817,0.995408,0.0979634,0.0779339,-0.0204472,-0.501034,-0.148273,0.359553,0.773095,0.158786,0.00936294,0.0298815,-0.297289,-0.00823561,-0.0367438,0.954043,0.158127,-0.043573,0.0450638,0.0357335,-0.11069,-0.213623,0.969966
1756949509250,155,0,-0,0,-0.0640227,-0.0700801,0.00796005,0.995453,0.0977995,0.0782202,-0.0201126,-0.497708,-0.150465,0.360645,0.774335,0.158794,0.00946223,0.0298195,-0.297857,-0.00922958,-0.0362569,0.953878,0.158134,-0.0435273,0.0450615,0.0320038,-0.110975,-0.214231,0.969931
1756949509283,156,0,-0,0,-0.0649567,-0.068688,0.00750216,0.995493,0.0977775,0.0782043,-0.0202539,-0.49853,-0.151528,0.361301,0.773311,0.15888,0.00938407,0.0294068,-0.296488,-0.00669767,-0.0361661,0.954331,0.15814,-0.0436333,0.0449506,0.0253757,-0.113136,-0.215547,0.969588
1756949509316,157,0,-0,0,-0.06493,-0.0684595,0.00702899,0.995514,0.0978452,0.0781269,-0.0201926,-0.498462,-0.152158,0.361085,0.773295,0.158897,0.00933666,0.0293563,-0.291585,-0.00283778,-0.0362413,0.955853,0.15808,-0.0436958,0.0451697,0.0253012,-0.114488,-0.215371,0.969467
1756949509349,158,0,-0,0,-0.0645892,-0.0690638,0.0069986,0.995495,0.0978894,0.0781363,-0.0199846,-0.498895,-0.152459,0.360227,0.773371,0.158859,0.00927282,0.0295715,-0.29285,-0.00478671,-0.0366636,0.955444,0.158003,-0.0437621,0.0453413,0.0219464,-0.114705,-0.21628,0.969322
1756949509383,159,0,-0,0,-0.0652409,-0.0677565,0.00594808,0.995549,0.0980458,0.0778736,-0.0203314,-0.497236,-0.148228,0.359264,0.775713,0.158953,0.0089227,0.0291685,-0.293461,-0.00331019,-0.0374862,0.955231,0.158041,-0.0441019,0.0448619,0.0224646,-0.110715,-0.217313,0.969543
1756949509416,160,0,-0,0,-0.0644901,-0.0689533,0.00620488,0.995514,0.09816,0.0778156,-0.0200305,-0.496369,-0.14815,0.357986,0.776842,0.15885,0.00903256,0.0297293,-0.293265,-0.00674661,-0.0374968,0.955269,0.158083,-0.044003,0.0448323,0.0268744,-0.104545,-0.216177,0.970367
1756949509449,161,0,-0,0,-0.0639719,-0.0693982,0.00647811,0.995515,0.0983136,0.0775912,-0.0201265,-0.500382,-0.148959,0.357266,0.774463,0.158799,0.00924191,0.0299927,-0.290227,-0.00688704,-0.0366626,0.956231,0.158125,-0.044011,0.0446197,0.0289497,-0.101263,-0.21615,0.970663
1756949509482,162,0,-0,0,-0.0639981,-0.0690586,0.00639679,0.995537,0.0983899,0.0774759,-0.0203632,-0.500569,-0.144255,0.355541,0.776032,0.158822,0.00926574,0.0298699,-0.287438,-0.00421662,-0.0364648,0.957096,0.158251,-0.0439876,0.0442241,0.0293959,-0.0981973,-0.215766,0.971051
1756949509515,163,0,-0,0,-0.0638583,-0.0697908,0.00639738,0.995495,0.0984146,0.0774355,-0.0204912,-0.500835,-0.140612,0.354276,0.777081,0.158787,0.00933027,0.0300387,-0.28753,-0.00482211,-0.0359971,0.957081,0.158348,-0.0437294,0.0443095,0.0338757,-0.0988586,-0.213214,0.971399
1756949509549,164,0,-0,0,-0.0637657,-0.0704661,0.00657909,0.995452,0.0985715,0.0772463,-0.0204909,-0.500987,-0.139225,0.353048,0.777797,0.158748,0.00952201,0.0302018,-0.287115,-0.00538798,-0.0348476,0.957246,0.158366,-0.0435661,0.0444729,0.0306225,-0.0983184,-0.212825,0.971648
1756949509582,165,0,-0,0,-0.0637556,-0.0710674,0.00611607,0.995413,0.0987748,0.0769953,-0.0204583,-0.501856,-0.139022,0.351978,0.777784,0.158724,0.00950449,0.0303497,-0.284374,-0.00346381,-0.0346283,0.958083,0.158309,-0.0436824,0.0445788,0.029334,-0.100488,-0.213273,0.971369
1756949509615,166,0,-0,0,-0.0637109,-0.0731235,0.00562871,0.99527,0.099082,0.076702,-0.0201343,-0.502797,-0.137958,0.349029,0.778655,0.158649,0.00947739,0.030708,-0.28415,-0.00279667,-0.0342533,0.958161,0.158201,-0.0436574,0.0450692,0.0300185,-0.102556,-0.212498,0.971299
1756949509648,167,0,-0,0,-0.0626095,-0.073892,0.00584529,0.995282,0.0991995,0.07663,-0.0198882,-0.503946,-0.137763,0.347349,0.778705,0.158615,0.00960322,0.0308313,-0.282187,-0.00199393,-0.0332411,0.958779,0.158243,-0.0436704,0.0448705,0.0330119,-0.0980454,-0.212151,0.971744
1756949509681,168,0,-0,0,-0.0596154,-0.0756285,0.00653275,0.995331,0.0994191,0.0765314,-0.0192781,-0.503516,-0.136944,0.344179,0.780563,0.15851,0.00975954,0.0312979,-0.281615,-0.00482056,-0.032122,0.958979,0.158475,-0.0433256,0.0445397,0.0386198,-0.0920417,-0.20895,0.97282
1756949509715,169,0,-0,0,-0.0457962,-0.0894958,0.00818651,0.9949,0.0990576,0.07742,-0.0170593,-0.496918,-0.14144,0.344698,0.783755,0.158054,0.0100138,0.0324899,-0.27141,-0.00439656,-0.0215656,0.962214,0.158641,-0.0429981,0.0438846,0.0513172,-0.076773,-0.204026,0.974601
1756949509748,170,0,-0,0,-0.0140517,-0.104771,0.0128923,0.994314,0.0981137,0.0795271,-0.0116582,-0.47638,-0.151214,0.342324,0.795637,0.157237,0.0104187,0.0349367,-0.242507,-0.00772189,-0.0097611,0.970071,0.158972,-0.0424633,0.0424533,0.0843488,-0.0641818,-0.194167,0.975227
1756949509781,171,0,-0,0,0.0123962,-0.111873,0.0189923,0.993463,0.0971552,0.0813549,-0.00604854,-0.45734,-0.16552,0.338005,0.805712,0.15658,0.0113181,0.0374164,-0.213566,-0.0115596,-0.00309224,0.976854,0.159516,-0.0414943,0.0406729,0.112976,-0.0432533,-0.184376,0.975381
1756949509814,172,0,-0,0,0.0634029,-0.118991,0.0330404,0.990318,0.0943019,0.0848332,0.00351284,-0.416442,-0.191436,0.338089,0.821954,0.155652,0.0135213,0.040192,-0.161943,-0.0140937,0.0139867,0.9866,0.16079,-0.0387553,0.0379144,0.164915,-0.028478,-0.163992,0.972161
1756949509847,173,0,-0,0,0.119188,-0.117479,0.0475629,0.984748,0.090805,0.0877781,0.0124142,-0.367568,-0.2136,0.34389,0.837253,0.155191,0.0158346,0.0410265,-0.10489,-0.0119921,0.0354126,0.993781,0.162947,-0.0344217,0.0323521,0.217594,0.00180582,-0.13598,0.966518
1756949509880,174,0,-0,0,0.183146,-0.112651,0.0622107,0.974625,0.0874015,0.0891535,0.0228372,-0.311241,-0.240027,0.346618,0.85167,0.154814,0.0178659,0.041605,-0.0423972,-0.0117905,0.0582929,0.997329,0.164768,-0.0303999,0.0265006,0.279043,0.0271313,-0.11193,0.953343
1756949509914,175,0,-0,0,0.247704,-0.104314,0.0783182,0.960014,0.0834239,0.0896456,0.0334861,-0.246073,-0.262242,0.351869,0.864213,0.154456,0.0202576,0.0419912,0.0220893,-0.0122533,0.0815336,0.99635,0.166597,-0.0245267,0.0202294,0.338695,0.0536367,-0.0846778,0.935542
1756949509947,176,0,-0,0,0.332967,-0.0891959,0.102557,0.933092,0.0775978,0.0888823,0.0468423,-0.160076,-0.294333,0.362832,0.86954,0.153873,0.0240113,0.0424792,0.108607,-0.0123842,0.111002,0.98779,0.168482,-0.0144668,0.012537,0.41413,0.0886471,-0.047443,0.904648
1756949509980,177,0,-0,0,0.396086,-0.0797923,0.114311,0.907571,0.0745314,0.0854516,0.0570966,-0.0889501,-0.31229,0.3645,0.872759,0.15366,0.0245185,0.0431924,0.177603,-0.0102154,0.125702,0.975988,0.169168,-0.00825877,0.00792847,0.470522,0.111993,-0.023812,0.874932
1756949510013,178,0,-0,0,0.476756,-0.0720543,0.128507,0.8666,0.070906,0.0779687,0.0707821,0.000118969,-0.342535,0.358838,0.868276,0.153036,0.0245501,0.0455132,0.264279,-0.0126965,0.145577,0.953311,0.169498,-0.000278852,0.00470459,0.541124,0.129541,0.00392593,0.830894
1756949510047,179,0,-0,0,0.530299,-0.0681692,0.136424,0.833989,0.0685738,0.0705329,0.0802618,0.0632916,-0.366625,0.349857,0.859762,0.152771,0.0229418,0.0474999,0.324426,-0.0198363,0.151305,0.933523,0.169478,0.00440975,0.00345195,0.58604,0.142533,0.0219866,0.797355
1756949510080,180,0,-0,0,0.580918,-0.0704681,0.137399,0.799183,0.06775,0.0609892,0.0883712,0.11918,-0.388287,0.331711,0.851469,0.152735,0.0188189,0.0495189,0.381713,-0.0281243,0.151694,0.911315,0.169403,0.00656116,0.00333075,0.632317,0.147076,0.034714,0.759832
1756949510113,181,0,-0,0,0.625404,-0.0767687,0.134991,0.764681,0.0672893,0.0503281,0.0951622,0.166291,-0.413512,0.306839,0.840949,0.152819,0.0129683,0.0512434,0.434154,-0.0388386,0.144998,0.88824,0.169263,0.00732688,0.00376717,0.676969,0.153959,0.0490972,0.718037
1756949510146,182,0,-0,0,0.661836,-0.0894594,0.127195,0.733318,0.0671334,0.0390018,0.100453,0.208611,-0.432944,0.279867,0.831081,0.15288,0.0043351,0.0526869,0.476261,-0.0595749,0.124548,0.86839,0.169153,0.00551841,0.00501853,0.713087,0.155955,0.0631203,0.680558
1756949510179,183,0,-0,0,0.675253,-0.101156,0.119096,0.720859,0.0669375,0.0329861,0.102717,0.22392,-0.445014,0.263105,0.826201,0.1527,-0.00138095,0.0533691,0.493506,-0.0691458,0.112764,0.859629,0.169173,0.00172096,0.00595761,0.724698,0.144761,0.0593391,0.671088
1756949510213,184,0,-0,0,0.684773,-0.109013,0.11454,0.711399,0.0666822,0.0285376,0.104215,0.234762,-0.452886,0.250723,0.822752,0.152471,-0.00515223,0.0537838,0.508362,-0.0731354,0.106644,0.85138,0.169138,-0.000533967,0.0068588,0.731781,0.13649,0.0581799,0.665198
1756949510246,185,0,-0,0,0.686657,-0.112427,0.110286,0.709723,0.0668158,0.0266337,0.10463,0.236793,-0.457514,0.243111,0.821894,0.152556,-0.00726934,0.0532756,0.509849,-0.0757808,0.0978048,0.851321,0.16913,-0.00208806,0.00686638,0.734645,0.133079,0.056766,0.662851
1756949510279,186,0,-0,0,0.686574,-0.114296,0.107376,0.709957,0.0667902,0.025927,0.104822,0.240181,-0.457872,0.242228,0.820974,0.152634,-0.00845764,0.0528538,0.510129,-0.0759609,0.0928299,0.851696,0.169117,-0.00307271,0.00679056,0.733285,0.13305,0.0576502,0.664291
1756949510312,187,0,-0,0,0.682933,-0.115345,0.104999,0.713617,0.0669465,0.0265372,0.104557,0.232874,-0.458397,0.241132,0.823095,0.152686,-0.00893579,0.0526153,0.505778,-0.0760657,0.0898311,0.85459,0.169106,-0.00404483,0.00657299,0.730916,0.131687,0.054883,0.66737
1756949510345,188,0,-0,0,0.680385,-0.116034,0.103692,0.716148,0.0665041,0.026933,0.104722,0.230546,-0.459914,0.242864,0.822404,0.152692,-0.00911114,0.052562,0.503317,-0.0755362,0.0892591,0.856155,0.169092,-0.00461951,0.00648823,0.731002,0.129585,0.051918,0.667949
1756949510378,189,0,-0,0,0.6778,-0.116543,0.101789,0.718793,0.0667357,0.0273366,0.104469,0.229127,-0.458476,0.2436,0.823389,0.152756,-0.0091214,0.0523301,0.502408,-0.0715434,0.0913589,0.856813,0.169075,-0.00535381,0.00613066,0.726309,0.129229,0.0490469,0.673344
1756949510412,190,0,-0,0,0.67568,-0.116033,0.102032,0.720822,0.066816,0.0278996,0.104258,0.224641,-0.460037,0.242843,0.823973,0.152809,-0.00849599,0.0522178,0.499959,-0.0684418,0.0935991,0.858252,0.169078,-0.00529712,0.0060756,0.722128,0.131367,0.0502677,0.677311
1756949510445,191,0,-0,0,0.673504,-0.117926,0.0995196,0.722911,0.0671966,0.0280492,0.103983,0.219424,-0.458486,0.240972,0.826792,0.152855,-0.00885771,0.0519029,0.499113,-0.0633596,0.0945484,0.859034,0.169066,-0.00642325,0.00624903,0.72653,0.127234,0.0480357,0.673556
1756949510478,192,0,-0,0,0.672793,-0.118735,0.0983427,0.723592,0.0675328,0.0284678,0.103661,0.216649,-0.454645,0.242037,0.829327,0.152859,-0.00888523,0.051816,0.499545,-0.060084,0.0970231,0.858739,0.16904,-0.00676401,0.00627265,0.723369,0.12764,0.0487731,0.67681
1756949510511,193,0,-0,0,0.672989,-0.117961,0.096081,0.723849,0.0695195,0.0305701,0.101777,0.206186,-0.432184,0.24817,0.842096,0.153008,-0.00728748,0.0512495,0.501183,-0.0450436,0.11322,0.856724,0.168974,-0.00624887,0.00574695,0.725919,0.131978,0.051933,0.673014
1756949510544,194,0,-0,0,0.671934,-0.11606,0.0886376,0.726082,0.0737534,0.0326951,0.0980779,0.188635,-0.399728,0.247566,0.862179,0.153186,-0.00203094,0.0489352,0.495168,0.00241904,0.158908,0.854142,0.168905,-0.00668581,0.00397624,0.724707,0.137647,0.0520744,0.673172
1756949510578,195,0,-0,0,0.663459,-0.106299,0.071577,0.737149,0.0816734,0.0377094,0.0894509,0.14279,-0.343541,0.243573,0.89569,0.153203,0.00594247,0.0424594,0.483168,0.0840837,0.220568,0.843104,0.168746,-0.00712866,-0.00108711,0.718466,0.151179,0.047764,0.677244
1756949510611,196,0,-0,0,0.657826,-0.100319,0.0616129,0.743929,0.0875133,0.0415458,0.0814762,0.103232,-0.287249,0.242544,0.920874,0.150596,0.0154026,0.0377725,0.47501,0.177703,0.29944,0.80817,0.168429,-0.0053259,-0.00291508,0.715971,0.168495,0.0651528,0.674376
1756949510644,197,0,-0,0,0.658263,-0.10116,0.0472172,0.744441,0.0942404,0.0425647,0.0718981,0.0651604,-0.215061,0.232305,0.946326,0.147675,0.0194492,0.0342149,0.480356,0.25508,0.358255,0.758824,0.167906,-0.00480877,-0.00274888,0.714533,0.184176,0.0988961,0.667607
1756949510677,198,0,-0,0,0.656807,-0.100473,0.0324949,0.746647,0.100522,0.0434622,0.0600756,0.024336,-0.132512,0.222254,0.965637,0.143874,0.0233996,0.0310442,0.471738,0.325071,0.415665,0.706435,0.167228,-0.00421283,-0.00247949,0.710715,0.202621,0.138207,0.659365
1756949510710,199,0,-0,0,0.653813,-0.103814,0.0270791,0.748967,0.102368,0.0432681,0.0560978,0.00835044,-0.107344,0.216274,0.970375,0.142089,0.0243328,0.0300894,0.464536,0.353575,0.434612,0.685717,0.166336,-0.00249088,-0.000589406,0.703076,0.222317,0.176591,0.651913
1756949510744,200,0,-0,0,0.656578,-0.108551,0.0224591,0.746036,0.103639,0.0420645,0.0540384,0.00689558,-0.0963677,0.21064,0.972776,0.138937,0.0257404,0.0304398,0.457819,0.384676,0.469052,0.649873,0.165646,-0.00195156,0.00173647,0.708766,0.230359,0.207854,0.6335
1756949510777,201,0,-0,0,0.655568,-0.114219,0.0137324,0.746357,0.105552,0.0396554,0.0518548,-0.00146561,-0.0927194,0.196104,0.97619,0.135968,0.0257602,0.0305366,0.451148,0.411036,0.498103,0.616049,0.164752,-0.00255312,0.0030975,0.710973,0.240306,0.234338,0.617998
1756949510810,202,0,-0,0,0.653409,-0.116908,0.00788543,0.747856,0.10728,0.037879,0.049337,-0.0155912,-0.0916718,0.182905,0.978722,0.132784,0.0265858,0.0304653,0.439525,0.437486,0.526254,0.581711,0.16368,-0.00160063,0.00523146,0.707891,0.251944,0.269243,0.602391
1756949510843,203,0,-0,0,0.655709,-0.119892,0.00219658,0.745446,0.108866,0.0355945,0.0470075,-0.0234557,-0.0849116,0.170474,0.981417,0.130105,0.027086,0.0306063,0.425249,0.460051,0.553161,0.549143,0.162686,-0.00104283,0.0060887,0.703484,0.264135,0.29431,0.590554
1756949510876,204,0,-0,0,0.65472,-0.120459,0.000983953,0.746169,0.109451,0.0351393,0.0456525,-0.0287402,-0.0796541,0.166928,0.982324,0.128543,0.0277045,0.0306186,0.416004,0.470748,0.564845,0.534986,0.162048,-4.21479e-05,0.00729727,0.701311,0.269765,0.311602,0.581563
1756949510909,205,0,-0,0,0.651847,-0.119265,0.000593329,0.748895,0.109966,0.0350675,0.0443124,-0.038814,-0.077141,0.163663,0.982729,0.128014,0.0283364,0.0301029,0.411724,0.480235,0.568766,0.525669,0.161507,0.00133216,0.00725143,0.696998,0.279361,0.320683,0.577303
1756949510943,206,0,-0,0,0.651513,-0.119117,0.000274367,0.749225,0.110139,0.0348626,0.0441962,-0.0429742,-0.0842208,0.161714,0.982298,0.127706,0.0285112,0.0301125,0.413341,0.48405,0.571899,0.517467,0.161105,0.00218182,0.00729458,0.696279,0.284733,0.326448,0.57232
1756949510976,207,0,-0,0,0.650171,-0.117865,0.00150902,0.750591,0.110169,0.0352113,0.0438321,-0.0487833,-0.0847285,0.161777,0.981972,0.127404,0.02921,0.0297627,0.413098,0.49133,0.573527,0.508936,0.160804,0.00336642,0.00720137,0.695531,0.291122,0.330956,0.567413
1756949511009,208,0,-0,0,0.65019,-0.117389,0.00287254,0.750639,0.110109,0.0353893,0.0438354,-0.0509789,-0.0860358,0.162015,0.981708,0.127013,0.029823,0.0293529,0.410595,0.498615,0.574361,0.50289,0.160736,0.0039003,0.00742382,0.694473,0.292525,0.333264,0.566625
1756949511042,209,0,-0,0,0.650384,-0.11762,0.00275044,0.75043,0.110256,0.0350671,0.0436762,-0.0530895,-0.0851328,0.16002,0.982002,0.127001,0.0297926,0.0289198,0.410413,0.504317,0.573792,0.497968,0.160721,0.00385131,0.00751067,0.694511,0.292354,0.333918,0.566275
1756949511075,210,0,-0,0,0.649176,-0.117063,0.00391074,0.751562,0.110233,0.0353019,0.0436167,-0.0603036,-0.0889825,0.159426,0.98134,0.126877,0.0302077,0.0287435,0.412037,0.509387,0.574159,0.491001,0.160654,0.00434265,0.00757979,0.692235,0.292937,0.333253,0.569151
1756949511109,211,0,-0,0,0.648266,-0.116634,0.00569852,0.752418,0.110117,0.035639,0.0435913,-0.0619756,-0.0873852,0.160253,0.981246,0.126661,0.0307289,0.0286371,0.410138,0.512985,0.574202,0.488824,0.160532,0.00507082,0.00764432,0.692401,0.295951,0.334492,0.566686
1756949511142,212,0,-0,0,0.647681,-0.117637,0.00477791,0.752755,0.110249,0.0352896,0.0435238,-0.0649859,-0.0870875,0.158032,0.981437,0.126558,0.0304685,0.0285737,0.409594,0.514607,0.574346,0.487368,0.160468,0.00479527,0.00758672,0.691378,0.297674,0.335495,0.566409
1756949511175,213,0,-0,0,0.646607,-0.116625,0.00563567,0.753842,0.110212,0.0356556,0.0433058,-0.0668644,-0.0859409,0.159075,0.981244,0.126395,0.0308576,0.0283865,0.405923,0.519334,0.576457,0.48294,0.160458,0.00519522,0.00752605,0.69148,0.30005,0.337163,0.564059
1756949511208,214,0,-0,0,0.645876,-0.115972,0.00611247,0.754579,0.110242,0.0357919,0.0431283,-0.0699561,-0.0864577,0.15892,0.981008,0.12626,0.0311154,0.0281955,0.405425,0.52353,0.577658,0.477387,0.160487,0.00536941,0.00740864,0.689367,0.301053,0.336915,0.566276
1756949511242,215,0,-0,0,0.644814,-0.114884,0.00750971,0.755608,0.1102,0.0361493,0.0429759,-0.0729052,-0.0886616,0.159716,0.980466,0.126375,0.0314314,0.0282353,0.402132,0.52363,0.578057,0.479509,0.160561,0.0057176,0.00745986,0.689867,0.3003,0.335611,0.566785
1756949511275,216,0,-0,0,0.644735,-0.112232,0.00993729,0.756056,0.110062,0.0368198,0.0427933,-0.0767312,-0.0905423,0.161836,0.979655,0.126301,0.032283,0.0280806,0.39932,0.52635,0.579738,0.476866,0.160567,0.00677791,0.00726937,0.690251,0.302737,0.336419,0.564557
1756949511308,217,0,-0,0,0.644569,-0.112672,0.00961961,0.756135,0.1101,0.0366978,0.0428199,-0.0768417,-0.0915712,0.161281,0.979642,0.126321,0.0321198,0.0282054,0.397626,0.525401,0.580278,0.478664,0.160692,0.00634744,0.00742394,0.691104,0.300344,0.335462,0.565357
1756949511341,218,0,-0,0,0.643391,-0.111383,0.0117084,0.757315,0.10989,0.0374092,0.0427492,-0.0760986,-0.0914663,0.164345,0.979201,0.125984,0.03286,0.0283568,0.391694,0.523284,0.580877,0.48514,0.16085,0.00673351,0.00727649,0.690271,0.301548,0.333976,0.566642
1756949511374,219,0,-0,0,0.642582,-0.109336,0.0135593,0.758256,0.109709,0.038143,0.0425448,-0.0752005,-0.0896828,0.167575,0.978887,0.125694,0.0336935,0.0282766,0.392108,0.522362,0.580454,0.486277,0.160899,0.00744425,0.00697994,0.68658,0.303062,0.332351,0.571233
1756949511407,220,0,-0,0,0.642162,-0.111297,0.0136489,0.758315,0.109534,0.0381183,0.043103,-0.0703026,-0.0930346,0.168428,0.978792,0.125677,0.0334929,0.0292623,0.381723,0.511413,0.582058,0.50392,0.161332,0.00616878,0.00715269,0.685486,0.297209,0.325768,0.579338
1756949511440,221,0,-0,0,0.640906,-0.113611,0.0133286,0.759078,0.109079,0.038247,0.0445552,-0.0582877,-0.101408,0.171135,0.978281,0.129246,0.0316603,0.0309605,0.38397,0.461981,0.558017,0.572611,0.163235,0.00118773,0.0070955,0.691008,0.267165,0.293229,0.604325
1756949511474,222,0,-0,0,0.63576,-0.108551,0.0179282,0.763992,0.107735,0.0410695,0.0460178,-0.0544777,-0.11355,0.184008,0.974822,0.133452,0.0308353,0.0311366,0.384043,0.414716,0.521538,0.639122,0.1647,-0.000589342,0.00480283,0.692487,0.254271,0.257373,0.624129
1756949511507,223,0,-0,0,0.629629,-0.103088,0.0273229,0.769552,0.103649,0.0459806,0.0521813,-0.0412269,-0.155157,0.209193,0.964607,0.140836,0.0264201,0.0339335,0.399184,0.316772,0.451473,0.732462,0.166526,-0.00340033,0.00171337,0.694677,0.230633,0.197322,0.652165
1756949511540,224,0,-0,0,0.61869,-0.0953557,0.0387724,0.77886,0.0985824,0.0517636,0.0577122,-0.0310131,-0.203218,0.238108,0.949234,0.148405,0.01937,0.0361546,0.409409,0.210499,0.35203,0.814952,0.16794,-0.00645518,-0.00230102,0.693646,0.202234,0.12233,0.680431
1756949511573,225,0,-0,0,0.604978,-0.0879601,0.0500165,0.789804,0.0934971,0.0569814,0.0620025,-0.0201338,-0.248255,0.264501,0.931671,0.153591,0.0116261,0.0374223,0.404322,0.109864,0.243018,0.874877,0.168722,-0.00956741,-0.00511429,0.685576,0.170041,0.0540033,0.705833
1756949511607,226,0,-0,0,0.601015,-0.078074,0.0638868,0.792856,0.0872522,0.0605816,0.0680949,0.0191067,-0.286696,0.293077,0.911895,0.156222,0.00523309,0.0384036,0.399567,0.0222616,0.147675,0.904461,0.16902,-0.0107781,-0.00810838,0.681364,0.138587,-0.00920965,0.718665
1756949511640,227,0,-0,0,0.594839,-0.0661125,0.0764381,0.797457,0.0818704,0.0620522,0.0737447,0.0612776,-0.325909,0.311254,0.890585,0.157136,-0.00305081,0.0389371,0.389313,-0.0526692,0.0462752,0.918431,0.168789,-0.0141996,-0.0115088,0.678377,0.0986168,-0.0813317,0.723491
1756949511673,228,0,-0,0,0.589415,-0.0602584,0.0838697,0.801178,0.0794937,0.0633282,0.0753466,0.0785802,-0.337623,0.321723,0.881084,0.156805,-0.00563376,0.0391264,0.385307,-0.078884,0.00709845,0.919376,0.168459,-0.0156593,-0.0126137,0.668418,0.0754564,-0.117195,0.730567
1756949511706,229,0,-0,0,0.582803,-0.0517252,0.0926074,0.805636,0.0769833,0.0645906,0.07693,0.0951732,-0.353731,0.330826,0.869682,0.156235,-0.00705248,0.0390081,0.385593,-0.102419,-0.0265855,0.916574,0.168191,-0.015362,-0.0137671,0.66257,0.0554252,-0.146924,0.732311
1756949511739,230,0,-0,0,0.579627,-0.045032,0.0986851,0.80762,0.0747968,0.0650552,0.0786214,0.107935,-0.372427,0.335639,0.858477,0.155899,-0.00708348,0.0386099,0.389296,-0.112566,-0.0420426,0.913238,0.167749,-0.0141699,-0.0157308,0.652212,0.0513759,-0.166847,0.737642
1756949511773,231,0,-0,0,0.578251,-0.0408071,0.100992,0.808559,0.073828,0.0654907,0.0790817,0.110814,-0.382526,0.337732,0.85284,0.155716,-0.00765323,0.0377955,0.394065,-0.115864,-0.0541481,0.910142,0.167714,-0.0130025,-0.0165413,0.654811,0.0509274,-0.171029,0.734431
1756949511806,232,0,-0,0,0.577074,-0.0430485,0.0991614,0.809506,0.0738102,0.0647417,0.0796798,0.111006,-0.389464,0.333757,0.851236,0.155392,-0.00942299,0.0379773,0.395614,-0.12094,-0.0634367,0.908207,0.167402,-0.0140589,-0.0170027,0.657896,0.0499667,-0.178279,0.729995
1756949511839,233,0,-0,0,0.577781,-0.0487672,0.0963498,0.809006,0.0739984,0.0634962,0.0804934,0.107664,-0.395795,0.327286,0.85125,0.154965,-0.011655,0.0387503,0.400136,-0.123886,-0.0690581,0.90541,0.167168,-0.0143467,-0.0170787,0.660206,0.0569456,-0.17706,0.727673
1756949511872,234,0,-0,0,0.578504,-0.0519688,0.0933093,0.808661,0.0745441,0.0628525,0.0805825,0.110805,-0.388942,0.326209,0.854423,0.154825,-0.0130408,0.038879,0.40056,-0.125593,-0.0729348,0.904689,0.167134,-0.0143718,-0.017075,0.663957,0.062981,-0.172095,0.724976
1756949511905,235,0,-0,0,0.576656,-0.0575132,0.0871856,0.810262,0.0754861,0.0619973,0.0803731,0.1049,-0.388246,0.320389,0.857664,0.154562,-0.0153643,0.0391873,0.397912,-0.129719,-0.0792766,0.904732,0.167302,-0.0148851,-0.0161819,0.671705,0.0710433,-0.157575,0.720328
1756949511939,236,0,-0,0,0.578747,-0.0655605,0.0783658,0.80908,0.0759879,0.0622523,0.0795137,0.0997023,-0.383711,0.32292,0.859388,0.155044,-0.0162837,0.0389331,0.39657,-0.131256,-0.0744735,0.905515,0.167153,-0.0120218,-0.0163621,0.675412,0.104412,-0.126649,0.71894
1756949511972,237,0,-0,0,0.579106,-0.0682102,0.0690034,0.809472,0.0783994,0.0625186,0.0769209,0.0833276,-0.364605,0.320029,0.870468,0.15519,-0.0184171,0.0378781,0.395575,-0.127736,-0.0778686,0.906173,0.167112,-0.0107486,-0.0165188,0.687004,0.134099,-0.0925185,0.708185
1756949512005,238,0,-0,0,0.57679,-0.0725623,0.0608053,0.811392,0.0819125,0.0633287,0.0724818,0.0521628,-0.328901,0.315382,0.888617,0.155197,-0.0202022,0.0375445,0.392446,-0.124107,-0.0782066,0.908003,0.167187,-0.00826096,-0.0148341,0.685677,0.17527,-0.0335749,0.705701
1756949512038,239,0,-0,0,0.574699,-0.0776204,0.0468297,0.813327,0.0870559,0.0633591,0.0658817,0.00219112,-0.282483,0.302108,0.910455,0.15532,-0.0226455,0.0368157,0.388858,-0.118397,-0.0747324,0.910597,0.166706,-0.00646227,-0.0138292,0.678537,0.225867,0.0330918,0.698193
1756949512071,240,0,-0,0,0.577483,-0.0794809,0.0388909,0.811596,0.0921016,0.0636017,0.0572817,-0.0462336,-0.21234,0.292095,0.931373,0.15546,-0.0236141,0.0365195,0.387771,-0.118039,-0.0687364,0.91158,0.165934,-0.00143432,-0.0116773,0.67439,0.279664,0.115018,0.673623
1756949512105,241,0,-0,0,0.576746,-0.0846716,0.0273736,0.812089,0.0962499,0.0620517,0.0503706,-0.0741803,-0.145986,0.279059,0.946214,0.155359,-0.0255503,0.0365635,0.386345,-0.114583,-0.0614234,0.913155,0.164114,0.00283956,-0.009392,0.675323,0.321437,0.1845,0.637699
1756949512138,242,0,-0,0,0.575765,-0.0869391,0.0157807,0.812842,0.100366,0.0599233,0.0421849,-0.0975099,-0.0804844,0.264502,0.956063,0.155543,-0.02637,0.0360814,0.383359,-0.108859,-0.0490458,0.915855,0.161406,0.0077778,-0.00745478,0.667723,0.360867,0.251094,0.600766
1756949512171,243,0,-0,0,0.577486,-0.0946291,0.00755149,0.810858,0.102495,0.0577138,0.0382031,-0.114419,-0.0517469,0.252195,0.959493,0.155277,-0.0275551,0.0368594,0.383686,-0.105614,-0.0374389,0.916638,0.15673,0.0142007,-0.00425595,0.653134,0.408182,0.325295,0.548609
1756949512204,244,0,-0,0,0.579895,-0.0991676,0.000953439,0.808633,0.104568,0.0550983,0.0346468,-0.118532,-0.0233163,0.240014,0.963224,0.155337,-0.027705,0.036715,0.383637,-0.0963048,-0.0244305,0.918124,0.151422,0.0201632,-0.00102388,0.62942,0.449157,0.395067,0.495995
1756949512237,245,0,-0,0,0.580939,-0.106496,-0.00832867,0.806886,0.107003,0.0514879,0.0308037,-0.133983,-0.00279998,0.221559,0.965892,0.155149,-0.0284087,0.0368429,0.386591,-0.0921599,-0.0112604,0.917559,0.145249,0.0243167,0.00189922,0.593111,0.489201,0.459824,0.444299
1756949512270,246,0,-0,0,0.583184,-0.109592,-0.0126156,0.8048,0.108813,0.0483923,0.0274844,-0.146001,0.0183442,0.205575,0.967514,0.155148,-0.0277594,0.0369432,0.391441,-0.0841314,0.00519216,0.91633,0.13974,0.0280553,0.00534774,0.561219,0.513454,0.514389,0.395929
1756949512303,247,0,-0,0,0.582994,-0.11572,-0.0212124,0.803898,0.110431,0.0450658,0.0255274,-0.150336,0.0299435,0.190488,0.969646,0.154899,-0.0285117,0.0366859,0.392766,-0.0742637,0.0162784,0.916486,0.135367,0.0286278,0.00712603,0.532082,0.53059,0.547933,0.367544
1756949512337,248,0,-0,0,0.582945,-0.118604,-0.0251216,0.803406,0.111428,0.0429212,0.0234535,-0.154461,0.0427635,0.180675,0.970396,0.154851,-0.0279003,0.0365247,0.395394,-0.0641941,0.0296087,0.915784,0.129566,0.0306794,0.00832467,0.490065,0.554004,0.581244,0.33918
1756949512370,249,0,-0,0,0.584284,-0.121281,-0.0270819,0.801981,0.111944,0.0416281,0.0228947,-0.155827,0.0431353,0.175374,0.971134,0.154921,-0.0268938,0.0359108,0.39836,-0.0503404,0.0413611,0.914913,0.127886,0.0306786,0.00911602,0.484064,0.556001,0.588516,0.331963
1756949512403,250,0,-0,0,0.583076,-0.120319,-0.0268065,0.802982,0.112162,0.0415826,0.0223765,-0.161907,0.0349943,0.175191,0.970497,0.155184,-0.0251342,0.0351556,0.399395,-0.0380839,0.0518062,0.914512,0.127122,0.0311987,0.00941591,0.483541,0.556409,0.590457,0.328439
1756949512436,251,0,-0,0,0.584532,-0.121112,-0.0262127,0.80189,0.11228,0.0413192,0.0226857,-0.164601,0.0261888,0.174369,0.970475,0.155188,-0.0245385,0.0351017,0.405005,-0.0314269,0.0582166,0.91193,0.126853,0.0313811,0.0100331,0.485474,0.555007,0.592794,0.324014
1756949512469,252,0,-0,0,0.584458,-0.121829,-0.0258691,0.801827,0.112295,0.0412131,0.0227826,-0.164569,0.0254694,0.173831,0.970595,0.155149,-0.0243645,0.0352397,0.407599,-0.0302201,0.0602835,0.910674,0.126666,0.0314716,0.0104637,0.488831,0.552796,0.591867,0.324357
1756949512503,253,0,-0,0,0.584202,-0.121849,-0.0255708,0.802003,0.112331,0.041171,0.022714,-0.167297,0.0238692,0.173379,0.970248,0.155214,-0.0232569,0.0349647,0.405916,-0.0229903,0.0673741,0.911134,0.126755,0.0315027,0.0107433,0.48926,0.553092,0.594336,0.318564
1756949512536,254,0,-0,0,0.585838,-0.122443,-0.0255562,0.800705,0.112381,0.0409616,0.0230579,-0.168295,0.0187555,0.17279,0.970292,0.155175,-0.0231066,0.0349724,0.40745,-0.0210638,0.0699842,0.910294,0.126544,0.0316202,0.0112365,0.486467,0.552218,0.59836,0.316757
1756949512569,255,0,-0,0,0.586242,-0.122005,-0.0244181,0.800558,0.112344,0.041166,0.0232601,-0.172417,0.0110235,0.17375,0.969519,0.155238,-0.0224324,0.0348737,0.407916,-0.019125,0.0725851,0.909939,0.126324,0.0320354,0.01152,0.487943,0.551832,0.598985,0.314175
1756949512602,256,0,-0,0,0.586516,-0.119898,-0.022675,0.800658,0.1122,0.0416872,0.0231311,-0.174884,0.00865924,0.175986,0.968691,0.15543,-0.0212176,0.0344453,0.410146,-0.013324,0.0777418,0.908591,0.126188,0.0327251,0.0114641,0.486103,0.553668,0.601117,0.309379
1756949512635,257,0,-0,0,0.587397,-0.120337,-0.0227905,0.799993,0.112212,0.0415683,0.0232893,-0.174103,0.00816415,0.175613,0.968909,0.155423,-0.0211065,0.0343056,0.412143,-0.0100929,0.0796048,0.907584,0.126103,0.0327277,0.0116384,0.488913,0.55344,0.601536,0.304742
1756949512669,258,0,-0,0,0.587099,-0.119692,-0.0213277,0.800318,0.112081,0.04191,0.0233067,-0.174725,0.00767555,0.1769,0.968564,0.155472,-0.0204632,0.0343515,0.410916,-0.0086766,0.081786,0.90795,0.125752,0.0333436,0.0115324,0.489079,0.556237,0.601098,0.300062
1756949512702,259,0,-0,0,0.586791,-0.119143,-0.0210418,0.800592,0.11205,0.042057,0.0232221,-0.174437,0.00724672,0.177676,0.968473,0.155528,-0.0201406,0.0341604,0.411783,-0.00770281,0.0825279,0.907486,0.125704,0.0335528,0.0113568,0.487149,0.557699,0.601431,0.299629
1756949512735,260,0,-0,0,0.586713,-0.119475,-0.0204623,0.800711,0.111976,0.0421807,0.0232849,-0.17323,0.00825254,0.178193,0.968596,0.155542,-0.0198304,0.0340525,0.412177,-0.00387177,0.0841741,0.907212,0.125809,0.0335715,0.0115209,0.481404,0.558693,0.60471,0.300918
1756949512768,261,0,-0,0,0.586261,-0.119242,-0.020289,0.801032,0.111996,0.0422006,0.0231653,-0.176355,0.0071286,0.177997,0.968072,0.155578,-0.0196225,0.0338904,0.41257,-0.00304035,0.0843286,0.907006,0.125831,0.03363,0.0113903,0.484094,0.559722,0.603701,0.29645
1756949512801,262,0,-0,0,0.585724,-0.119199,-0.0201114,0.801432,0.111995,0.0422576,0.0229072,-0.178309,0.00790185,0.17814,0.967681,0.155581,-0.0191751,0.0338076,0.412285,-0.000263916,0.0870917,0.906878,0.125824,0.0337492,0.0111223,0.485054,0.560781,0.601364,0.297604
1756949512834,263,0,-0,0,0.586019,-0.118523,-0.0193621,0.801375,0.111923,0.0424338,0.0227225,-0.178911,0.0104907,0.178701,0.967446,0.15562,-0.018708,0.0337614,0.413824,9.00889e-05,0.0889144,0.906014,0.12585,0.0340263,0.0107843,0.48666,0.563116,0.600227,0.29303
1756949512868,264,0,-0,0,0.586209,-0.117966,-0.0196008,0.801292,0.111987,0.0423936,0.0224799,-0.181487,0.00894213,0.1787,0.96698,0.155667,-0.0186427,0.0335394,0.413428,0.00032023,0.0885516,0.906223,0.125813,0.0340991,0.0106193,0.48913,0.563295,0.599114,0.29074
1756949512901,265,0,-0,0,0.585887,-0.117798,-0.0190892,0.801517,0.111957,0.0425101,0.0224697,-0.180619,0.00744877,0.179477,0.967006,0.155701,-0.0184745,0.0334419,0.412939,0.0015361,0.0884444,0.906439,0.125722,0.0342726,0.0106537,0.486854,0.56395,0.599888,0.291462
1756949512934,266,0,-0,0,0.585439,-0.117002,-0.018411,0.801971,0.111873,0.0427902,0.02232,-0.179504,0.00834945,0.180829,0.966954,0.155764,-0.0181092,0.033314,0.413424,0.00194479,0.0888684,0.906173,0.125659,0.0345378,0.010537,0.484931,0.565069,0.600217,0.291795
1756949512967,267,0,-0,0,0.585021,-0.11662,-0.0184997,0.802391,0.11195,0.0427116,0.0221496,-0.181994,0.00765586,0.180247,0.966609,0.155802,-0.0180477,0.0331785,0.411733,0.00416215,0.0891815,0.906926,0.125548,0.0346673,0.010259,0.48326,0.567141,0.600205,0.290872
1756949513001,268,0,-0,0,0.584426,-0.116785,-0.0194117,0.802796,0.112056,0.0425125,0.0219618,-0.18045,0.00939338,0.179519,0.967021,0.155796,-0.0182611,0.0330775,0.413073,0.00412226,0.088589,0.906381,0.125354,0.0346023,0.0101128,0.478149,0.56869,0.601862,0.292951
1756949513034,269,0,-0,0,0.583653,-0.117115,-0.0211861,0.803241,0.112257,0.0421483,0.0217436,-0.182263,0.00829349,0.178068,0.966956,0.15579,-0.0187089,0.0328159,0.411684,0.00259768,0.0858966,0.907269,0.125651,0.0341112,0.0101056,0.477533,0.566925,0.602187,0.296566
1756949513067,270,0,-0,0,0.583302,-0.119349,-0.0247149,0.803075,0.112519,0.0414515,0.0217869,-0.182405,0.00766905,0.175425,0.967418,0.15564,-0.0199708,0.0327394,0.411766,0.00124293,0.0824212,0.907559,0.126543,0.0327797,0.0101415,0.483413,0.561839,0.599193,0.302758
1756949513100,271,0,-0,0,0.582071,-0.122614,-0.0274422,0.803364,0.112673,0.0409021,0.0222035,-0.179876,0.0060355,0.173328,0.968279,0.155354,-0.0207294,0.0332266,0.403138,-0.00180067,0.0818102,0.911471,0.129492,0.0305276,0.00966634,0.501272,0.54726,0.580185,0.33555
1756949513133,272,0,-0,0,0.576922,-0.119488,-0.0220892,0.807674,0.111621,0.0436155,0.0240122,-0.178134,-0.00537755,0.183643,0.966699,0.155566,-0.0184777,0.0335557,0.38536,-0.00157225,0.0851101,0.918821,0.135291,0.0282444,0.00814085,0.535879,0.519506,0.536576,0.393604
1756949513167,273,0,-0,0,0.571555,-0.114464,-0.0158762,0.812389,0.109728,0.0478256,0.0273615,-0.177338,-0.0327308,0.201061,0.962837,0.155778,-0.0177901,0.0350066,0.374046,-0.0192341,0.0781169,0.923915,0.146432,0.020361,0.00436442,0.595672,0.450438,0.436063,0.502133
1756949513200,274,0,-0,0,0.561967,-0.111246,-0.00753702,0.819571,0.106813,0.0527449,0.0332159,-0.173352,-0.0879989,0.22194,0.955476,0.155971,-0.0169805,0.0362743,0.356626,-0.0292671,0.0671038,0.931364,0.157981,0.00628277,0.000975444,0.641714,0.349,0.299871,0.613473
1756949513233,275,0,-0,0,0.546211,-0.108096,0.00144932,0.830662,0.10215,0.058045,0.0421284,-0.153134,-0.171124,0.246171,0.941635,0.15633,-0.0161681,0.0364909,0.339866,-0.0317249,0.0491308,0.938659,0.165221,-0.0136632,-0.00541092,0.660361,0.233348,0.109419,0.705388
1756949513266,276,0,-0,0,0.533855,-0.103558,0.008081,0.839153,0.0985299,0.0615088,0.0471743,-0.122091,-0.210521,0.265202,0.932969,0.156838,-0.0149734,0.0351969,0.323773,-0.0274157,0.0340523,0.945119,0.166368,-0.0227514,-0.00755219,0.658065,0.172435,0.01814,0.732682
1756949513299,277,0,-0,0,0.518298,-0.0930645,0.0200885,0.849905,0.0936262,0.0647542,0.0540248,-0.0750682,-0.264504,0.284922,0.918281,0.157547,-0.0130062,0.0333234,0.311723,-0.0224493,0.0133081,0.94982,0.166457,-0.0308702,-0.00899701,0.638071,0.103635,-0.0753451,0.759288
1756949513332,278,0,-0,0,0.507972,-0.0826889,0.0304031,0.856854,0.0899032,0.0639202,0.0620698,-0.0202141,-0.30397,0.286485,0.90836,0.15776,-0.0130368,0.0328104,0.303098,-0.0262274,-0.0113571,0.95253,0.165784,-0.0361904,-0.00945352,0.617683,0.060088,-0.131422,0.773031
1756949513366,279,0,-0,0,0.513051,-0.0783108,0.0365659,0.854008,0.0869475,0.0601706,0.0699017,0.0258451,-0.345997,0.277317,0.89595,0.157778,-0.0126269,0.0328525,0.30554,-0.0315817,-0.0177624,0.951493,0.165154,-0.0388082,-0.0096973,0.607354,0.0296117,-0.164843,0.7766
1756949513399,280,0,-0,0,0.508604,-0.0644679,0.0477767,0.857254,0.0849673,0.056308,0.0755576,0.0621621,-0.370644,0.263333,0.88849,0.15763,-0.0120384,0.0331863,0.302378,-0.0379904,-0.0332203,0.951851,0.16501,-0.0391039,-0.00973747,0.596586,0.0219893,-0.173975,0.783158
1756949513432,281,0,-0,0,0.508907,-0.0605633,0.0510103,0.857179,0.0840446,0.0523639,0.0792545,0.0813569,-0.387884,0.248131,0.88395,0.157448,-0.0125942,0.0330479,0.303848,-0.0400195,-0.0430956,0.950906,0.164704,-0.0396932,-0.00996109,0.590051,0.013951,-0.184312,0.785936
1756949513465,282,0,-0,0,0.516132,-0.0597973,0.0517499,0.852859,0.0832066,0.0461312,0.0835997,0.110979,-0.411447,0.226158,0.875933,0.157334,-0.0136593,0.0326004,0.310074,-0.0427445,-0.0514489,0.948359,0.164586,-0.0399381,-0.0103501,0.588922,0.00996578,-0.189057,0.785718
1756949513498,283,0,-0,0,0.514853,-0.0568703,0.054425,0.853661,0.0828635,0.0462908,0.0838205,0.11275,-0.411561,0.227115,0.875402,0.157432,-0.0126835,0.0323728,0.308184,-0.0426344,-0.0506408,0.949022,0.164683,-0.0393449,-0.0104194,0.584913,0.0118992,-0.188302,0.788852
1756949513532,284,0,-0,0,0.509111,-0.0552881,0.0567312,0.857044,0.0827082,0.046238,0.0839395,0.11547,-0.411407,0.226446,0.875287,0.157317,-0.0123178,0.0326297,0.303416,-0.0447954,-0.0537656,0.950284,0.164621,-0.0394824,-0.00975687,0.578474,0.00730695,-0.19106,0.792968
1756949513565,285,0,-0,0,0.511568,-0.0587846,0.0554233,0.855434,0.0825447,0.0441924,0.0851396,0.119524,-0.416797,0.218589,0.874191,0.157043,-0.0136475,0.033242,0.307736,-0.0475579,-0.057553,0.948538,0.164392,-0.0404563,-0.00926724,0.578479,0.00593921,-0.192088,0.792732
1756949513598,286,0,-0,0,0.511278,-0.0600566,0.0551635,0.855533,0.0824179,0.0436317,0.0855199,0.119716,-0.419203,0.216028,0.873648,0.156921,-0.0140428,0.0335811,0.309582,-0.0480861,-0.0582104,0.947869,0.164351,-0.0407891,-0.00881572,0.581116,0.00682134,-0.189322,0.791455
1756949513631,287,0,-0,0,0.508561,-0.0611267,0.0544182,0.857119,0.0824592,0.0437736,0.0854099,0.116492,-0.418674,0.215591,0.874443,0.156818,-0.0143365,0.0339204,0.30632,-0.0503841,-0.0596608,0.948718,0.16426,-0.0412927,-0.00833389,0.579004,0.00483859,-0.189799,0.792896
1756949513664,288,0,-0,0,0.505783,-0.0618748,0.0526747,0.858824,0.0826066,0.0438051,0.0852411,0.116706,-0.417895,0.215675,0.874772,0.156762,-0.0148123,0.0339726,0.301528,-0.0525572,-0.0624231,0.949959,0.164085,-0.0420332,-0.008133,0.576713,0.00314326,-0.191504,0.794176
1756949513697,289,0,-0,0,0.507173,-0.0646293,0.050369,0.857943,0.0826855,0.0429852,0.0855989,0.118576,-0.417983,0.213276,0.87507,0.156582,-0.0159612,0.0342816,0.302002,-0.0553784,-0.0657939,0.949421,0.163849,-0.043045,-0.00785199,0.581373,-0.000427041,-0.192917,0.79044
1756949513731,290,0,-0,0,0.508706,-0.0675106,0.0473334,0.856975,0.0830736,0.0419303,0.0857886,0.118925,-0.415737,0.20924,0.877056,0.156437,-0.0172129,0.0343797,0.303171,-0.0559828,-0.0688056,0.948797,0.16355,-0.0441735,-0.00782737,0.580319,-0.00229328,-0.196066,0.790418
1756949513764,291,0,-0,0,0.506561,-0.0698954,0.0454491,0.858134,0.0836672,0.0416724,0.0853645,0.115542,-0.413533,0.206275,0.879232,0.156305,-0.0178351,0.0347473,0.303696,-0.0552413,-0.0687908,0.948667,0.163335,-0.0450589,-0.00733784,0.578818,-0.00327683,-0.19651,0.791364
1756949513797,292,0,-0,0,0.50588,-0.0714472,0.0447211,0.858461,0.0837353,0.0415314,0.0854069,0.116071,-0.410747,0.206377,0.880456,0.156266,-0.0179761,0.0349913,0.304047,-0.054229,-0.0673622,0.94872,0.163318,-0.0452375,-0.00707834,0.579995,-0.00221517,-0.194835,0.790948
1756949513830,293,0,-0,0,0.507889,-0.0729039,0.0447722,0.857186,0.0835883,0.0409906,0.0857929,0.115942,-0.415501,0.203635,0.878908,0.156215,-0.0181644,0.0351689,0.302896,-0.0563175,-0.0683226,0.948908,0.163451,-0.0449511,-0.00691712,0.581061,0.00184467,-0.190617,0.79126
1756949513863,294,0,-0,0,0.507237,-0.0732369,0.0439105,0.857579,0.0837217,0.0409198,0.0856828,0.113029,-0.416732,0.201987,0.879078,0.156239,-0.0182824,0.0350527,0.301749,-0.0555397,-0.0685163,0.949303,0.16349,-0.0447822,-0.00720634,0.576724,0.0050088,-0.190787,0.794356
1756949513897,295,0,-0,0,0.502935,-0.0758817,0.0434074,0.859878,0.0835815,0.041429,0.0855662,0.1078,-0.417927,0.202555,0.879015,0.156059,-0.0183288,0.0360127,0.296948,-0.0591965,-0.0671063,0.950688,0.16338,-0.0452595,-0.00637791,0.573091,0.00410661,-0.190596,0.796984
1756949513930,296,0,-0,0,0.500735,-0.0762233,0.0443754,0.861111,0.0836374,0.0419428,0.0853021,0.106603,-0.415065,0.204435,0.880105,0.156048,-0.0178451,0.0363998,0.294538,-0.0601411,-0.0649983,0.951532,0.163449,-0.0450479,-0.00598523,0.572301,0.00548085,-0.188517,0.798089
1756949513963,297,0,-0,0,0.500477,-0.0756613,0.0443335,0.861327,0.0838016,0.0421383,0.0850458,0.103681,-0.41563,0.203888,0.880326,0.156131,-0.0175867,0.0362531,0.294073,-0.0594268,-0.0637164,0.951812,0.163581,-0.0446877,-0.00610379,0.572206,0.00733896,-0.186638,0.798609
1756949513996,298,0,-0,0,0.502365,-0.0867141,0.0362693,0.859526,0.0839265,0.0429052,0.084694,0.0985606,-0.412448,0.209594,0.881042,0.156313,-0.0181194,0.0362758,0.291529,-0.060899,-0.0549407,0.953037,0.163623,-0.0449892,-0.00587904,0.570711,0.00727377,-0.185834,0.799803
1756949514029,299,0,-0,0,0.496853,-0.0769981,0.0429835,0.863339,0.0841037,0.0430782,0.0843495,0.0984072,-0.409135,0.207116,0.883189,0.156157,-0.0175605,0.0363103,0.28899,-0.0584008,-0.0630173,0.953468,0.163618,-0.0449409,-0.00543791,0.571319,0.00601118,-0.184136,0.799777
1756949514062,300,0,-0,0,0.492432,-0.0789844,0.0411545,0.865781,0.0842958,0.0436693,0.0838673,0.0912863,-0.408722,0.207346,0.884093,0.156043,-0.0179725,0.0366628,0.28624,-0.0573131,-0.0631407,0.954356,0.163334,-0.0459881,-0.00480123,0.564448,0.00474388,-0.186158,0.804188
1756949514095,301,0,-0,0,0.494981,-0.0916764,0.0319296,0.863474,0.0844557,0.0443032,0.0835199,0.0846823,-0.407763,0.212082,0.884078,0.156234,-0.0185082,0.036626,0.279673,-0.0610153,-0.0538311,0.956644,0.163271,-0.046496,-0.00469752,0.566952,0.00559223,-0.185173,0.802666
